{
    "CompleterNpc": "Þóra",
    "NextQuestId": -1,
    "RandomReward": 0b,
    "QuestRepeat": 1,
    "QuestCompletion": 0,
    "IgnoreNBT": 0b,
    "Title": "comida",
    "Text": "",
    "QuestFactionPoints": {
        "DecreaseFaction1Points": 0b,
        "OptionFaction2Points": 100,
        "OptionFactions1": -1,
        "OptionFactions2": -1,
        "OptionFaction1Points": 100,
        "DecreaseFaction2Points": 0b
    },
    "RewardExp": 0,
    "QuestCommand": "",
    "ModRev": 18,
    "Type": 0,
    "QuestMail": {
        "Sender": "",
        "BeenRead": 0b,
        "Message": {
        },
        "MailItems": [
        ],
        "MailQuest": -1,
        "TimePast": 1726720670102L,
        "Time": 0L,
        "Subject": ""
    },
    "IgnoreDamage": 0b,
    "Rewards": {
        "NpcMiscInv": [
            {
                "Slot": 3b,
                "ForgeCaps": {
                    "customnpcs:itemscripteddata": {
                    }
                },
                "id": "minecraft:cake",
                "Count": 1b
            },
            {
                "Slot": 4b,
                "ForgeCaps": {
                    "customnpcs:itemscripteddata": {
                    }
                },
                "id": "minecraft:beetroot_soup",
                "Count": 1b
            },
            {
                "Slot": 5b,
                "ForgeCaps": {
                    "customnpcs:itemscripteddata": {
                    }
                },
                "id": "minecraft:mushroom_stew",
                "Count": 1b
            },
            {
                "Slot": 6b,
                "ForgeCaps": {
                    "customnpcs:itemscripteddata": {
                    }
                },
                "id": "minecraft:rabbit_stew",
                "Count": 1b
            },
            {
                "Slot": 7b,
                "ForgeCaps": {
                    "customnpcs:itemscripteddata": {
                    }
                },
                "id": "minecraft:pumpkin_pie",
                "Count": 2b
            },
            {
                "Slot": 8b,
                "ForgeCaps": {
                    "customnpcs:itemscripteddata": {
                    }
                },
                "id": "minecraft:cookie",
                "Count": 2b
            }
        ]
    },
    "Items": {
        "NpcMiscInv": [
            {
                "Slot": 0b,
                "ForgeCaps": {
                    "customnpcs:itemscripteddata": {
                    }
                },
                "id": "minecraft:rabbit",
                "Count": 20b
            },
            {
                "Slot": 1b,
                "ForgeCaps": {
                    "customnpcs:itemscripteddata": {
                    }
                },
                "id": "minecraft:chicken",
                "Count": 20b
            },
            {
                "Slot": 2b,
                "ForgeCaps": {
                    "customnpcs:itemscripteddata": {
                    }
                },
                "id": "minecraft:apple",
                "Count": 20b
            }
        ]
    },
    "LeaveItems": 0b,
    "CompleteText": "gracias por tu ayuda, toma una pequecha recompesa"
}
