{
    "CompleterNpc": "Anthebe",
    "NextQuestId": -1,
    "RandomReward": 0b,
    "QuestRepeat": 1,
    "QuestCompletion": 0,
    "IgnoreNBT": 0b,
    "Title": "pan",
    "Text": "",
    "QuestFactionPoints": {
        "DecreaseFaction1Points": 0b,
        "OptionFaction2Points": 100,
        "OptionFactions1": -1,
        "OptionFactions2": -1,
        "OptionFaction1Points": 100,
        "DecreaseFaction2Points": 0b
    },
    "RewardExp": 0,
    "QuestCommand": "",
    "ModRev": 18,
    "Type": 0,
    "QuestMail": {
        "Sender": "",
        "BeenRead": 0b,
        "Message": {
        },
        "MailItems": [
        ],
        "MailQuest": -1,
        "TimePast": 1726720297360L,
        "Time": 0L,
        "Subject": ""
    },
    "IgnoreDamage": 0b,
    "Rewards": {
        "NpcMiscInv": [
            {
                "Slot": 3b,
                "ForgeCaps": {
                    "customnpcs:itemscripteddata": {
                    }
                },
                "id": "minecraft:experience_bottle",
                "Count": 11b
            },
            {
                "Slot": 4b,
                "ForgeCaps": {
                    "customnpcs:itemscripteddata": {
                    }
                },
                "id": "minecraft:emerald",
                "Count": 10b
            }
        ]
    },
    "Items": {
        "NpcMiscInv": [
            {
                "Slot": 1b,
                "ForgeCaps": {
                    "customnpcs:itemscripteddata": {
                    }
                },
                "id": "minecraft:bread",
                "Count": 36b
            },
            {
                "Slot": 2b,
                "ForgeCaps": {
                    "customnpcs:itemscripteddata": {
                    }
                },
                "id": "minecraft:bread",
                "Count": 64b
            }
        ]
    },
    "LeaveItems": 0b,
    "CompleteText": "gracias, toma una pequeña recompenza @p"
}
