{
    "CompleterNpc": " Lukas",
    "NextQuestId": -1,
    "RandomReward": 1b,
    "QuestRepeat": 0,
    "QuestCompletion": 0,
    "Title": "1",
    "Text": "",
    "QuestFactionPoints": {
        "DecreaseFaction1Points": 0b,
        "OptionFaction2Points": 100,
        "OptionFactions1": -1,
        "OptionFactions2": -1,
        "OptionFaction1Points": 100,
        "DecreaseFaction2Points": 0b
    },
    "RewardExp": 0,
    "QuestCommand": "",
    "QuestDialogs": [
    ],
    "ModRev": 18,
    "Type": 1,
    "QuestMail": {
        "Sender": "",
        "BeenRead": 0b,
        "Message": {
        },
        "MailItems": [
        ],
        "MailQuest": -1,
        "TimePast": 1728091494684L,
        "Time": 0L,
        "Subject": ""
    },
    "Rewards": {
        "NpcMiscInv": [
            {
                "Slot": 0b,
                "id": "minecraft:enchanted_golden_apple",
                "Count": 1b
            },
            {
                "Slot": 1b,
                "id": "minecraft:golden_apple",
                "Count": 1b
            },
            {
                "Slot": 4b,
                "id": "minecraft:golden_apple",
                "Count": 1b
            },
            {
                "Slot": 6b,
                "id": "minecraft:splash_potion",
                "Count": 1b,
                "tag": {
                    "Potion": "minecraft:slowness"
                }
            },
            {
                "Slot": 7b,
                "id": "minecraft:enchanted_golden_apple",
                "Count": 1b
            }
        ]
    },
    "CompleteText": "buenas, homo sapiens nesecito tu ayuda para conseguir manzanas doradas, ojos de araña y miel"
}
