{
    "CompleterNpc": " Lukas",
    "NextQuestId": -1,
    "RandomReward": 1b,
    "QuestRepeat": 1,
    "QuestCompletion": 0,
    "IgnoreNBT": 0b,
    "Title": "1",
    "Text": "",
    "QuestFactionPoints": {
        "DecreaseFaction1Points": 0b,
        "OptionFaction2Points": 100,
        "OptionFactions1": -1,
        "OptionFactions2": -1,
        "OptionFaction1Points": 100,
        "DecreaseFaction2Points": 0b
    },
    "RewardExp": 0,
    "QuestCommand": "",
    "ModRev": 18,
    "Type": 0,
    "QuestMail": {
        "Sender": "",
        "BeenRead": 0b,
        "Message": {
        },
        "MailItems": [
        ],
        "MailQuest": -1,
        "TimePast": 1728093657323L,
        "Time": 0L,
        "Subject": ""
    },
    "IgnoreDamage": 0b,
    "Rewards": {
        "NpcMiscInv": [
            {
                "Slot": 0b,
                "id": "minecraft:enchanted_golden_apple",
                "Count": 1b
            },
            {
                "Slot": 1b,
                "id": "minecraft:golden_apple",
                "Count": 1b
            },
            {
                "Slot": 4b,
                "id": "minecraft:golden_apple",
                "Count": 1b
            },
            {
                "Slot": 6b,
                "id": "minecraft:splash_potion",
                "Count": 1b,
                "tag": {
                    "Potion": "minecraft:slowness"
                }
            },
            {
                "Slot": 7b,
                "id": "minecraft:enchanted_golden_apple",
                "Count": 1b
            }
        ]
    },
    "Items": {
        "NpcMiscInv": [
            {
                "Slot": 0b,
                "ForgeCaps": {
                    "customnpcs:itemscripteddata": {
                    }
                },
                "id": "minecraft:honey_bottle",
                "Count": 4b
            },
            {
                "Slot": 1b,
                "id": "minecraft:golden_apple",
                "Count": 32b
            },
            {
                "Slot": 2b,
                "id": "minecraft:spider_eye",
                "Count": 32b
            }
        ]
    },
    "LeaveItems": 0b,
    "CompleteText": "muchas gracias homo sapiens"
}
