{
    "CompleterNpc": "KAN",
    "NextQuestId": -1,
    "RandomReward": 1b,
    "QuestRepeat": 2,
    "QuestCompletion": 0,
    "Title": "tormenta",
    "Text": "",
    "QuestFactionPoints": {
        "DecreaseFaction1Points": 0b,
        "OptionFaction2Points": 100,
        "OptionFactions1": -1,
        "OptionFactions2": -1,
        "OptionFaction1Points": 100,
        "DecreaseFaction2Points": 0b
    },
    "RewardExp": 0,
    "QuestCommand": "",
    "QuestDialogs": [
        {
            "Value": 3,
            "Slot": "dungeonsmod:whirlwind"
        }
    ],
    "ModRev": 18,
    "Type": 2,
    "QuestMail": {
        "Sender": "",
        "BeenRead": 0b,
        "Message": {
        },
        "MailItems": [
        ],
        "MailQuest": -1,
        "TimePast": 1727648519650L,
        "Time": 0L,
        "Subject": ""
    },
    "Rewards": {
        "NpcMiscInv": [
            {
                "Slot": 3b,
                "ForgeCaps": {
                    "customnpcs:itemscripteddata": {
                    }
                },
                "id": "minecraft:trident",
                "Count": 1b,
                "tag": {
                    "RepairCost": 31,
                    "Damage": 0,
                    "display": {
                        "Name": "{\"text\":\"Trueno\"}"
                    },
                    "Enchantments": [
                        {
                            "lvl": 1s,
                            "id": "minecraft:channeling"
                        },
                        {
                            "lvl": 3s,
                            "id": "minecraft:loyalty"
                        },
                        {
                            "lvl": 1s,
                            "id": "minecraft:mending"
                        },
                        {
                            "lvl": 5s,
                            "id": "minecraft:sharpness"
                        },
                        {
                            "lvl": 5s,
                            "id": "minecraft:power"
                        }
                    ]
                }
            },
            {
                "Slot": 6b,
                "ForgeCaps": {
                    "customnpcs:itemscripteddata": {
                    }
                },
                "id": "minecraft:trident",
                "Count": 1b,
                "tag": {
                    "RepairCost": 15,
                    "Damage": 0,
                    "Enchantments": [
                        {
                            "lvl": 3s,
                            "id": "minecraft:riptide"
                        },
                        {
                            "lvl": 1s,
                            "id": "minecraft:mending"
                        },
                        {
                            "lvl": 5s,
                            "id": "minecraft:sharpness"
                        },
                        {
                            "lvl": 5s,
                            "id": "minecraft:power"
                        }
                    ]
                }
            },
            {
                "Slot": 7b,
                "ForgeCaps": {
                    "customnpcs:itemscripteddata": {
                    }
                },
                "id": "minecraft:elytra",
                "Count": 1b,
                "tag": {
                    "Damage": 0
                }
            }
        ]
    },
    "CompleteText": "eres un gerrero maya, ahora podras sucar los cielos y lanzar truenos "
}
