{
    "CompleterNpc": "Korather",
    "NextQuestId": -1,
    "RandomReward": 0b,
    "QuestRepeat": 1,
    "QuestCompletion": 0,
    "Title": "esqueleto",
    "Text": "",
    "QuestFactionPoints": {
        "DecreaseFaction1Points": 0b,
        "OptionFaction2Points": 100,
        "OptionFactions1": -1,
        "OptionFactions2": -1,
        "OptionFaction1Points": 100,
        "DecreaseFaction2Points": 0b
    },
    "RewardExp": 0,
    "QuestCommand": "",
    "QuestDialogs": [
        {
            "Value": 10,
            "Slot": "minecraft:skeleton"
        }
    ],
    "ModRev": 18,
    "Type": 4,
    "QuestMail": {
        "Sender": "",
        "BeenRead": 0b,
        "Message": {
        },
        "MailItems": [
        ],
        "MailQuest": -1,
        "TimePast": 1726779806803L,
        "Time": 0L,
        "Subject": ""
    },
    "Rewards": {
        "NpcMiscInv": [
            {
                "Slot": 3b,
                "ForgeCaps": {
                    "customnpcs:itemscripteddata": {
                    }
                },
                "id": "minecraft:bow",
                "Count": 1b,
                "tag": {
                    "Damage": 0
                }
            },
            {
                "Slot": 4b,
                "ForgeCaps": {
                    "customnpcs:itemscripteddata": {
                    }
                },
                "id": "minecraft:iron_ingot",
                "Count": 10b
            },
            {
                "Slot": 5b,
                "ForgeCaps": {
                    "customnpcs:itemscripteddata": {
                    }
                },
                "id": "minecraft:arrow",
                "Count": 32b
            },
            {
                "Slot": 6b,
                "ForgeCaps": {
                    "customnpcs:itemscripteddata": {
                    }
                },
                "id": "minecraft:shield",
                "Count": 1b,
                "tag": {
                    "Damage": 0
                }
            }
        ]
    },
    "CompleteText": "gracias soldado @p, toma una pequeña recompenza "
}
