{
    "CompleterNpc": "Wircisława",
    "NextQuestId": -1,
    "RandomReward": 1b,
    "QuestRepeat": 0,
    "QuestCompletion": 0,
    "Title": "1",
    "Text": "",
    "QuestFactionPoints": {
        "DecreaseFaction1Points": 0b,
        "OptionFaction2Points": 100,
        "OptionFactions1": -1,
        "OptionFactions2": -1,
        "OptionFaction1Points": 100,
        "DecreaseFaction2Points": 0b
    },
    "RewardExp": 0,
    "QuestCommand": "",
    "QuestDialogs": [
        {
            "Value": 10,
            "Slot": "minecraft:slime"
        },
        {
            "Value": 5,
            "Slot": "minecraft:spider"
        }
    ],
    "ModRev": 18,
    "Type": 2,
    "QuestMail": {
        "Sender": "",
        "BeenRead": 0b,
        "Message": {
        },
        "MailItems": [
        ],
        "MailQuest": -1,
        "TimePast": 1728167791947L,
        "Time": 0L,
        "Subject": ""
    },
    "Rewards": {
        "NpcMiscInv": [
            {
                "Slot": 4b,
                "id": "minecraft:enchanted_golden_apple",
                "Count": 1b
            },
            {
                "Slot": 5b,
                "id": "minecraft:splash_potion",
                "Count": 1b,
                "tag": {
                    "Potion": "minecraft:strong_regeneration"
                }
            },
            {
                "Slot": 6b,
                "id": "minecraft:enchanted_golden_apple",
                "Count": 1b
            },
            {
                "Slot": 7b,
                "id": "minecraft:enchanted_golden_apple",
                "Count": 1b
            }
        ]
    },
    "CompleteText": "muchas gracias por tu ayuda "
}
