{
    "CompleterNpc": "Wircisława",
    "NextQuestId": -1,
    "RandomReward": 0b,
    "QuestRepeat": 0,
    "QuestCompletion": 0,
    "Title": "1",
    "Text": "",
    "QuestFactionPoints": {
        "DecreaseFaction1Points": 0b,
        "OptionFaction2Points": 100,
        "OptionFactions1": -1,
        "OptionFactions2": -1,
        "OptionFaction1Points": 100,
        "DecreaseFaction2Points": 0b
    },
    "RewardExp": 0,
    "QuestCommand": "",
    "QuestDialogs": [
        {
            "Value": 1,
            "Slot": "dungeonsmod:ironslime"
        }
    ],
    "ModRev": 18,
    "Type": 2,
    "QuestMail": {
        "Sender": "",
        "BeenRead": 0b,
        "Message": {
        },
        "MailItems": [
        ],
        "MailQuest": -1,
        "TimePast": 1728169486921L,
        "Time": 0L,
        "Subject": ""
    },
    "Rewards": {
        "NpcMiscInv": [
            {
                "Slot": 0b,
                "id": "minecraft:totem_of_undying",
                "Count": 1b
            },
            {
                "Slot": 1b,
                "id": "minecraft:potion",
                "Count": 1b,
                "tag": {
                    "Potion": "minecraft:slow_falling"
                }
            },
            {
                "Slot": 3b,
                "id": "minecraft:splash_potion",
                "Count": 1b,
                "tag": {
                    "Potion": "minecraft:poison"
                }
            },
            {
                "Slot": 4b,
                "id": "minecraft:enchanted_golden_apple",
                "Count": 64b
            }
        ]
    },
    "CompleteText": "muchas gracias por tu ayuda "
}
