{
    "TransportData": [
    ],
    "NpcsTimers": [
    ],
    "FactionData": [
        {
            "Points": 2000,
            "Faction": 0
        }
    ],
    "BankData": [
    ],
    "ItemGiversList": [
    ],
    "QuestData": {
        "CompletedQuests": [
        ],
        "ActiveQuests": [
            {
                "QuestCompleted": 0b,
                "ExtraData": {
                },
                "Quest": 5
            },
            {
                "QuestCompleted": 0b,
                "ExtraData": {
                },
                "Quest": 8
            },
            {
                "QuestCompleted": 0b,
                "ExtraData": {
                },
                "Quest": 9
            }
        ]
    },
    "PlayerCompanionId": 0,
    "DialogData": [
        {
            "Dialog": 19
        },
        {
            "Dialog": 20
        },
        {
            "Dialog": 22
        },
        {
            "Dialog": 23
        },
        {
            "Dialog": 12
        }
    ],
    "ItemGiverChained": [
    ],
    "MailData": [
    ],
    "PlayerName": "morgat3000",
    "UUID": "36515178-49ff-30c4-808d-f4e2dc8416bb",
    "ScriptStoreddata": {
    }
}
