{
    "TransportData": [
    ],
    "NpcsTimers": [
    ],
    "FactionData": [
        {
            "Points": 2000,
            "Faction": 0
        }
    ],
    "BankData": [
    ],
    "ItemGiversList": [
    ],
    "QuestData": {
        "CompletedQuests": [
            {
                "Quest": 3,
                "Date": 3867751L
            },
            {
                "Quest": 4,
                "Date": 3879903L
            },
            {
                "Quest": 5,
                "Date": 3921087L
            },
            {
                "Quest": 6,
                "Date": 4245871L
            },
            {
                "Quest": 7,
                "Date": 4245422L
            },
            {
                "Quest": 8,
                "Date": 4286170L
            },
            {
                "Quest": 9,
                "Date": 4304913L
            },
            {
                "Quest": 10,
                "Date": 4352425L
            },
            {
                "Quest": 11,
                "Date": 4352987L
            }
        ],
        "ActiveQuests": [
        ]
    },
    "PlayerCompanionId": 0,
    "DialogData": [
        {
            "Dialog": 7
        },
        {
            "Dialog": 8
        },
        {
            "Dialog": 9
        },
        {
            "Dialog": 10
        },
        {
            "Dialog": 11
        },
        {
            "Dialog": 12
        },
        {
            "Dialog": 15
        },
        {
            "Dialog": 17
        },
        {
            "Dialog": 19
        },
        {
            "Dialog": 20
        },
        {
            "Dialog": 21
        },
        {
            "Dialog": 22
        },
        {
            "Dialog": 23
        },
        {
            "Dialog": 24
        },
        {
            "Dialog": 25
        },
        {
            "Dialog": 26
        },
        {
            "Dialog": 27
        },
        {
            "Dialog": 28
        },
        {
            "Dialog": 29
        }
    ],
    "ItemGiverChained": [
    ],
    "MailData": [
    ],
    "PlayerName": "morgat3000",
    "UUID": "6e320c1b-0325-45e2-a92e-22bd37532e4c",
    "ScriptStoreddata": {
    }
}
