{
    "TransportData": [
    ],
    "NpcsTimers": [
    ],
    "FactionData": [
        {
            "Points": 2000,
            "Faction": 0
        }
    ],
    "BankData": [
    ],
    "ItemGiversList": [
    ],
    "QuestData": {
        "CompletedQuests": [
        ],
        "ActiveQuests": [
            {
                "QuestCompleted": 0b,
                "ExtraData": {
                },
                "Quest": 6
            },
            {
                "QuestCompleted": 0b,
                "ExtraData": {
                },
                "Quest": 7
            }
        ]
    },
    "PlayerCompanionId": 0,
    "DialogData": [
        {
            "Dialog": 17
        },
        {
            "Dialog": 15
        }
    ],
    "ItemGiverChained": [
    ],
    "MailData": [
    ],
    "PlayerName": "Aldair74V",
    "UUID": "9eef5113-4482-400e-a65c-f81855fcb183",
    "ScriptStoreddata": {
    }
}
