{
    "TransportData": [
    ],
    "NpcsTimers": [
    ],
    "FactionData": [
        {
            "Points": 2000,
            "Faction": 0
        }
    ],
    "BankData": [
    ],
    "ItemGiversList": [
    ],
    "QuestData": {
        "CompletedQuests": [
        ],
        "ActiveQuests": [
            {
                "QuestCompleted": 0b,
                "ExtraData": {
                },
                "Quest": 8
            }
        ]
    },
    "PlayerCompanionId": 0,
    "DialogData": [
        {
            "Dialog": 19
        },
        {
            "Dialog": 20
        },
        {
            "Dialog": 22
        }
    ],
    "ItemGiverChained": [
    ],
    "MailData": [
    ],
    "PlayerName": "nico07",
    "UUID": "a96b901a-e574-3317-ab66-da97f4aefc66",
    "ScriptStoreddata": {
    }
}
