{
    "TransportData": [
    ],
    "NpcsTimers": [
    ],
    "FactionData": [
        {
            "Points": 2000,
            "Faction": 0
        }
    ],
    "BankData": [
    ],
    "ItemGiversList": [
    ],
    "QuestData": {
        "CompletedQuests": [
            {
                "Quest": 8,
                "Date": 4763077L
            },
            {
                "Quest": 9,
                "Date": 4736198L
            }
        ],
        "ActiveQuests": [
            {
                "QuestCompleted": 0b,
                "ExtraData": {
                },
                "Quest": 3
            },
            {
                "QuestCompleted": 0b,
                "ExtraData": {
                },
                "Quest": 5
            },
            {
                "QuestCompleted": 0b,
                "ExtraData": {
                    "Killed": [
                        {
                            "Value": 1,
                            "Slot": "minecraft:zombie"
                        }
                    ]
                },
                "Quest": 10
            },
            {
                "QuestCompleted": 0b,
                "ExtraData": {
                },
                "Quest": 11
            }
        ]
    },
    "PlayerCompanionId": 0,
    "DialogData": [
        {
            "Dialog": 19
        },
        {
            "Dialog": 20
        },
        {
            "Dialog": 22
        },
        {
            "Dialog": 23
        },
        {
            "Dialog": 7
        },
        {
            "Dialog": 24
        },
        {
            "Dialog": 8
        },
        {
            "Dialog": 25
        },
        {
            "Dialog": 26
        },
        {
            "Dialog": 12
        },
        {
            "Dialog": 28
        },
        {
            "Dialog": 29
        }
    ],
    "ItemGiverChained": [
    ],
    "MailData": [
    ],
    "PlayerName": "nico07",
    "UUID": "a96b901a-e574-3317-ab66-da97f4aefc66",
    "ScriptStoreddata": {
    }
}
