{
    "TransportData": [
    ],
    "NpcsTimers": [
    ],
    "FactionData": [
        {
            "Points": 2000,
            "Faction": 0
        },
        {
            "Points": 1000,
            "Faction": 1
        }
    ],
    "BankData": [
    ],
    "ItemGiversList": [
    ],
    "QuestData": {
        "CompletedQuests": [
            {
                "Quest": 18,
                "Date": 9072191L
            },
            {
                "Quest": 19,
                "Date": 9153844L
            },
            {
                "Quest": 20,
                "Date": 9194742L
            },
            {
                "Quest": 21,
                "Date": 9241722L
            },
            {
                "Quest": 22,
                "Date": 9266420L
            },
            {
                "Quest": 7,
                "Date": 7911541L
            },
            {
                "Quest": 23,
                "Date": 9315509L
            },
            {
                "Quest": 10,
                "Date": 7902701L
            },
            {
                "Quest": 12,
                "Date": 7439069L
            },
            {
                "Quest": 14,
                "Date": 9001217L
            }
        ],
        "ActiveQuests": [
            {
                "QuestCompleted": 1b,
                "ExtraData": {
                    "Killed": [
                        {
                            "Value": 5,
                            "Slot": "minecraft:slime"
                        }
                    ]
                },
                "Quest": 17
            },
            {
                "QuestCompleted": 0b,
                "ExtraData": {
                },
                "Quest": 6
            },
            {
                "QuestCompleted": 1b,
                "ExtraData": {
                    "Killed": [
                        {
                            "Value": 1,
                            "Slot": "dungeonsmod:ironslime"
                        }
                    ]
                },
                "Quest": 24
            },
            {
                "QuestCompleted": 0b,
                "ExtraData": {
                },
                "Quest": 9
            },
            {
                "QuestCompleted": 1b,
                "ExtraData": {
                    "Killed": [
                        {
                            "Value": 10,
                            "Slot": "minecraft:zombie"
                        }
                    ]
                },
                "Quest": 10
            },
            {
                "QuestCompleted": 0b,
                "ExtraData": {
                    "Killed": [
                        {
                            "Value": 5,
                            "Slot": "minecraft:skeleton"
                        }
                    ]
                },
                "Quest": 11
            },
            {
                "QuestCompleted": 1b,
                "ExtraData": {
                    "Killed": [
                        {
                            "Value": 5,
                            "Slot": "minecraft:spider"
                        }
                    ]
                },
                "Quest": 12
            },
            {
                "QuestCompleted": 0b,
                "ExtraData": {
                },
                "Quest": 13
            }
        ]
    },
    "PlayerCompanionId": 0,
    "DialogData": [
        {
            "Dialog": 65
        },
        {
            "Dialog": 66
        },
        {
            "Dialog": 67
        },
        {
            "Dialog": 15
        },
        {
            "Dialog": 17
        },
        {
            "Dialog": 22
        },
        {
            "Dialog": 23
        },
        {
            "Dialog": 25
        },
        {
            "Dialog": 26
        },
        {
            "Dialog": 28
        },
        {
            "Dialog": 29
        },
        {
            "Dialog": 31
        },
        {
            "Dialog": 32
        },
        {
            "Dialog": 33
        },
        {
            "Dialog": 34
        },
        {
            "Dialog": 36
        },
        {
            "Dialog": 37
        },
        {
            "Dialog": 38
        },
        {
            "Dialog": 39
        },
        {
            "Dialog": 40
        },
        {
            "Dialog": 41
        },
        {
            "Dialog": 42
        },
        {
            "Dialog": 43
        },
        {
            "Dialog": 44
        },
        {
            "Dialog": 45
        },
        {
            "Dialog": 46
        },
        {
            "Dialog": 47
        },
        {
            "Dialog": 49
        },
        {
            "Dialog": 50
        },
        {
            "Dialog": 51
        },
        {
            "Dialog": 52
        },
        {
            "Dialog": 53
        },
        {
            "Dialog": 54
        },
        {
            "Dialog": 55
        },
        {
            "Dialog": 56
        },
        {
            "Dialog": 57
        },
        {
            "Dialog": 58
        },
        {
            "Dialog": 59
        },
        {
            "Dialog": 60
        },
        {
            "Dialog": 61
        }
    ],
    "ItemGiverChained": [
    ],
    "MailData": [
    ],
    "PlayerName": "rd",
    "UUID": "ad89af27-6b1d-3aa4-8d65-34e196913703",
    "ScriptStoreddata": {
    }
}
