{
    "TransportData": [
    ],
    "NpcsTimers": [
    ],
    "FactionData": [
        {
            "Points": 2000,
            "Faction": 0
        },
        {
            "Points": 1000,
            "Faction": 1
        }
    ],
    "BankData": [
    ],
    "ItemGiversList": [
    ],
    "QuestData": {
        "CompletedQuests": [
            {
                "Quest": 7,
                "Date": 7911541L
            },
            {
                "Quest": 10,
                "Date": 7902701L
            },
            {
                "Quest": 12,
                "Date": 7439069L
            },
            {
                "Quest": 14,
                "Date": 9001217L
            }
        ],
        "ActiveQuests": [
            {
                "QuestCompleted": 1b,
                "ExtraData": {
                    "Killed": [
                        {
                            "Value": 5,
                            "Slot": "minecraft:slime"
                        }
                    ]
                },
                "Quest": 17
            },
            {
                "QuestCompleted": 0b,
                "ExtraData": {
                },
                "Quest": 6
            },
            {
                "QuestCompleted": 0b,
                "ExtraData": {
                },
                "Quest": 9
            },
            {
                "QuestCompleted": 1b,
                "ExtraData": {
                    "Killed": [
                        {
                            "Value": 10,
                            "Slot": "minecraft:zombie"
                        }
                    ]
                },
                "Quest": 10
            },
            {
                "QuestCompleted": 0b,
                "ExtraData": {
                    "Killed": [
                        {
                            "Value": 5,
                            "Slot": "minecraft:skeleton"
                        }
                    ]
                },
                "Quest": 11
            },
            {
                "QuestCompleted": 1b,
                "ExtraData": {
                    "Killed": [
                        {
                            "Value": 5,
                            "Slot": "minecraft:spider"
                        }
                    ]
                },
                "Quest": 12
            },
            {
                "QuestCompleted": 0b,
                "ExtraData": {
                },
                "Quest": 13
            }
        ]
    },
    "PlayerCompanionId": 0,
    "DialogData": [
        {
            "Dialog": 32
        },
        {
            "Dialog": 33
        },
        {
            "Dialog": 34
        },
        {
            "Dialog": 36
        },
        {
            "Dialog": 37
        },
        {
            "Dialog": 38
        },
        {
            "Dialog": 39
        },
        {
            "Dialog": 40
        },
        {
            "Dialog": 41
        },
        {
            "Dialog": 42
        },
        {
            "Dialog": 15
        },
        {
            "Dialog": 17
        },
        {
            "Dialog": 22
        },
        {
            "Dialog": 23
        },
        {
            "Dialog": 25
        },
        {
            "Dialog": 26
        },
        {
            "Dialog": 28
        },
        {
            "Dialog": 29
        },
        {
            "Dialog": 31
        }
    ],
    "ItemGiverChained": [
    ],
    "MailData": [
    ],
    "PlayerName": "rd",
    "UUID": "ad89af27-6b1d-3aa4-8d65-34e196913703",
    "ScriptStoreddata": {
    }
}
