{
    "TransportData": [
    ],
    "NpcsTimers": [
    ],
    "FactionData": [
        {
            "Points": 2000,
            "Faction": 0
        }
    ],
    "BankData": [
    ],
    "ItemGiversList": [
    ],
    "QuestData": {
        "CompletedQuests": [
        ],
        "ActiveQuests": [
            {
                "QuestCompleted": 0b,
                "ExtraData": {
                },
                "Quest": 7
            },
            {
                "QuestCompleted": 0b,
                "ExtraData": {
                },
                "Quest": 8
            }
        ]
    },
    "PlayerCompanionId": 0,
    "DialogData": [
        {
            "Dialog": 17
        },
        {
            "Dialog": 19
        },
        {
            "Dialog": 20
        }
    ],
    "ItemGiverChained": [
    ],
    "MailData": [
    ],
    "PlayerName": "Aldair74V",
    "UUID": "f045580a-29f3-3e06-add9-ffbbdfd0505e",
    "ScriptStoreddata": {
    }
}
