{
    "TransportData": [
    ],
    "NpcsTimers": [
    ],
    "FactionData": [
        {
            "Points": 2000,
            "Faction": 0
        }
    ],
    "BankData": [
    ],
    "ItemGiversList": [
    ],
    "QuestData": {
        "CompletedQuests": [
            {
                "Quest": 6,
                "Date": 4732426L
            },
            {
                "Quest": 7,
                "Date": 4730607L
            },
            {
                "Quest": 8,
                "Date": 4734198L
            }
        ],
        "ActiveQuests": [
            {
                "QuestCompleted": 0b,
                "ExtraData": {
                },
                "Quest": 3
            },
            {
                "QuestCompleted": 0b,
                "ExtraData": {
                },
                "Quest": 5
            },
            {
                "QuestCompleted": 0b,
                "ExtraData": {
                },
                "Quest": 8
            },
            {
                "QuestCompleted": 0b,
                "ExtraData": {
                    "Killed": [
                        {
                            "Value": 1,
                            "Slot": "minecraft:zombie"
                        }
                    ]
                },
                "Quest": 10
            },
            {
                "QuestCompleted": 0b,
                "ExtraData": {
                    "Killed": [
                        {
                            "Value": 3,
                            "Slot": "minecraft:skeleton"
                        }
                    ]
                },
                "Quest": 11
            }
        ]
    },
    "PlayerCompanionId": 0,
    "DialogData": [
        {
            "Dialog": 17
        },
        {
            "Dialog": 19
        },
        {
            "Dialog": 20
        },
        {
            "Dialog": 7
        },
        {
            "Dialog": 8
        },
        {
            "Dialog": 25
        },
        {
            "Dialog": 26
        },
        {
            "Dialog": 12
        },
        {
            "Dialog": 28
        },
        {
            "Dialog": 29
        },
        {
            "Dialog": 15
        }
    ],
    "ItemGiverChained": [
    ],
    "MailData": [
    ],
    "PlayerName": "Aldair74V",
    "UUID": "f045580a-29f3-3e06-add9-ffbbdfd0505e",
    "ScriptStoreddata": {
    }
}
