{
    "CompleterNpc": "sley",
    "NextQuestId": -1,
    "RandomReward": 1b,
    "QuestRepeat": 1,
    "QuestCompletion": 0,
    "Title": "1",
    "Text": "",
    "QuestFactionPoints": {
        "DecreaseFaction1Points": 0b,
        "OptionFaction2Points": 100,
        "OptionFactions1": -1,
        "OptionFactions2": -1,
        "OptionFaction1Points": 100,
        "DecreaseFaction2Points": 0b
    },
    "RewardExp": 0,
    "QuestCommand": "",
    "QuestDialogs": [
        {
            "Value": 5,
            "Slot": "minecraft:slime"
        }
    ],
    "ModRev": 18,
    "Type": 2,
    "QuestMail": {
        "Sender": "",
        "BeenRead": 0b,
        "Message": {
        },
        "MailItems": [
        ],
        "MailQuest": -1,
        "TimePast": 1728096009924L,
        "Time": 0L,
        "Subject": ""
    },
    "Rewards": {
        "NpcMiscInv": [
            {
                "Slot": 1b,
                "id": "minecraft:cooked_beef",
                "Count": 1b
            },
            {
                "Slot": 2b,
                "id": "minecraft:cooked_beef",
                "Count": 15b
            },
            {
                "Slot": 4b,
                "id": "minecraft:arrow",
                "Count": 8b
            },
            {
                "Slot": 8b,
                "id": "minecraft:bone",
                "Count": 8b
            }
        ]
    },
    "CompleteText": "tas pero si bien wey jajajaj ten"
}
