{
    "CompleterNpc": "Fuji Riho",
    "NextQuestId": -1,
    "RandomReward": 1b,
    "QuestRepeat": 0,
    "QuestCompletion": 0,
    "IgnoreNBT": 0b,
    "Title": "1",
    "Text": "",
    "QuestFactionPoints": {
        "DecreaseFaction1Points": 0b,
        "OptionFaction2Points": 100,
        "OptionFactions1": -1,
        "OptionFactions2": -1,
        "OptionFaction1Points": 100,
        "DecreaseFaction2Points": 0b
    },
    "RewardExp": 0,
    "QuestCommand": "",
    "ModRev": 18,
    "Type": 0,
    "QuestMail": {
        "Sender": "",
        "BeenRead": 0b,
        "Message": {
        },
        "MailItems": [
        ],
        "MailQuest": -1,
        "TimePast": 1728162908619L,
        "Time": 0L,
        "Subject": ""
    },
    "IgnoreDamage": 0b,
    "Rewards": {
        "NpcMiscInv": [
            {
                "Slot": 1b,
                "ForgeCaps": {
                    "customnpcs:itemscripteddata": {
                    }
                },
                "id": "minecraft:apple",
                "Count": 4b
            },
            {
                "Slot": 4b,
                "id": "minecraft:map",
                "Count": 4b
            }
        ]
    },
    "Items": {
        "NpcMiscInv": [
            {
                "Slot": 0b,
                "id": "minecraft:book",
                "Count": 2b
            },
            {
                "Slot": 1b,
                "id": "minecraft:sugar_cane",
                "Count": 14b
            },
            {
                "Slot": 2b,
                "ForgeCaps": {
                    "customnpcs:itemscripteddata": {
                    }
                },
                "id": "minecraft:coal",
                "Count": 5b
            }
        ]
    },
    "LeaveItems": 0b,
    "CompleteText": "muchas gracias ten cuidado en tus viajes @p"
}
