{
    "CompleterNpc": "Carawn",
    "NextQuestId": -1,
    "RandomReward": 1b,
    "QuestRepeat": 1,
    "QuestCompletion": 0,
    "IgnoreNBT": 0b,
    "Title": "1",
    "Text": "",
    "QuestFactionPoints": {
        "DecreaseFaction1Points": 0b,
        "OptionFaction2Points": 100,
        "OptionFactions1": -1,
        "OptionFactions2": -1,
        "OptionFaction1Points": 100,
        "DecreaseFaction2Points": 0b
    },
    "RewardExp": 0,
    "QuestCommand": "",
    "ModRev": 18,
    "Type": 0,
    "QuestMail": {
        "Sender": "",
        "BeenRead": 0b,
        "Message": {
        },
        "MailItems": [
        ],
        "MailQuest": -1,
        "TimePast": 1728100637144L,
        "Time": 0L,
        "Subject": ""
    },
    "IgnoreDamage": 0b,
    "Rewards": {
        "NpcMiscInv": [
            {
                "Slot": 1b,
                "id": "minecraft:bow",
                "Count": 1b,
                "tag": {
                    "Damage": 0
                }
            },
            {
                "Slot": 4b,
                "id": "minecraft:name_tag",
                "Count": 1b
            },
            {
                "Slot": 8b,
                "id": "minecraft:apple",
                "Count": 2b
            }
        ]
    },
    "Items": {
        "NpcMiscInv": [
        ]
    },
    "LeaveItems": 0b,
    "CompleteText": "gracias, me alegra que te saltaras las clases"
}
