{
    "CompleterNpc": "Apolitho",
    "NextQuestId": -1,
    "RandomReward": 0b,
    "QuestRepeat": 1,
    "QuestCompletion": 0,
    "IgnoreNBT": 0b,
    "Title": "legal?",
    "Text": "",
    "QuestFactionPoints": {
        "DecreaseFaction1Points": 0b,
        "OptionFaction2Points": 100,
        "OptionFactions1": -1,
        "OptionFactions2": -1,
        "OptionFaction1Points": 100,
        "DecreaseFaction2Points": 0b
    },
    "RewardExp": 0,
    "QuestCommand": "",
    "ModRev": 18,
    "Type": 0,
    "QuestMail": {
        "Sender": "",
        "BeenRead": 0b,
        "Message": {
        },
        "MailItems": [
        ],
        "MailQuest": -1,
        "TimePast": 1726722946640L,
        "Time": 0L,
        "Subject": ""
    },
    "IgnoreDamage": 0b,
    "Rewards": {
        "NpcMiscInv": [
            {
                "Slot": 0b,
                "ForgeCaps": {
                    "customnpcs:itemscripteddata": {
                    }
                },
                "id": "minecraft:potion",
                "Count": 1b,
                "tag": {
                    "Potion": "minecraft:strong_healing"
                }
            },
            {
                "Slot": 1b,
                "ForgeCaps": {
                    "customnpcs:itemscripteddata": {
                    }
                },
                "id": "minecraft:iron_bars",
                "Count": 9b
            },
            {
                "Slot": 2b,
                "ForgeCaps": {
                    "customnpcs:itemscripteddata": {
                    }
                },
                "id": "minecraft:chain",
                "Count": 9b
            },
            {
                "Slot": 3b,
                "ForgeCaps": {
                    "customnpcs:itemscripteddata": {
                    }
                },
                "id": "minecraft:potion",
                "Count": 1b,
                "tag": {
                    "Potion": "minecraft:night_vision"
                }
            },
            {
                "Slot": 4b,
                "ForgeCaps": {
                    "customnpcs:itemscripteddata": {
                    }
                },
                "id": "minecraft:potion",
                "Count": 1b,
                "tag": {
                    "Potion": "minecraft:poison"
                }
            },
            {
                "Slot": 5b,
                "ForgeCaps": {
                    "customnpcs:itemscripteddata": {
                    }
                },
                "id": "minecraft:potion",
                "Count": 1b,
                "tag": {
                    "Potion": "minecraft:weakness"
                }
            },
            {
                "Slot": 6b,
                "ForgeCaps": {
                    "customnpcs:itemscripteddata": {
                    }
                },
                "id": "minecraft:potion",
                "Count": 1b,
                "tag": {
                    "Potion": "minecraft:invisibility"
                }
            },
            {
                "Slot": 7b,
                "ForgeCaps": {
                    "customnpcs:itemscripteddata": {
                    }
                },
                "id": "minecraft:potion",
                "Count": 1b,
                "tag": {
                    "Potion": "minecraft:leaping"
                }
            },
            {
                "Slot": 8b,
                "ForgeCaps": {
                    "customnpcs:itemscripteddata": {
                    }
                },
                "id": "minecraft:potion",
                "Count": 1b,
                "tag": {
                    "Potion": "minecraft:swiftness"
                }
            }
        ]
    },
    "Items": {
        "NpcMiscInv": [
            {
                "Slot": 1b,
                "ForgeCaps": {
                    "customnpcs:itemscripteddata": {
                    }
                },
                "id": "minecraft:emerald",
                "Count": 64b
            }
        ]
    },
    "LeaveItems": 0b,
    "CompleteText": "gracias por tu tu apoyo @p no le digas a nadie que me viste"
}
