{"stats":{"minecraft:custom":{"minecraft:time_since_rest":199276,"minecraft:play_one_minute":199276,"minecraft:crouch_one_cm":136,"minecraft:sprint_one_cm":32722,"minecraft:walk_one_cm":161602,"minecraft:sneak_time":2459,"minecraft:drop":14,"minecraft:jump":227,"minecraft:leave_game":2,"minecraft:time_since_death":199276,"minecraft:climb_one_cm":407,"minecraft:fly_one_cm":463451},"minecraft:picked_up":{"minecraft:polished_blackstone_brick_wall":2,"minecraft:egg":1},"minecraft:used":{"minecraft:acacia_fence_gate":10,"minecraft:polished_blackstone_bricks":1294,"minecraft:polished_blackstone_brick_slab":41,"minecraft:red_stained_glass_pane":15,"minecraft:red_nether_brick_wall":45,"minecraft:crying_obsidian":70,"minecraft:red_stained_glass":53,"minecraft:grass_block":277,"minecraft:acacia_fence":23,"minecraft:red_nether_bricks":166,"minecraft:chain":16,"minecraft:polished_blackstone_brick_wall":90,"minecraft:egg":1,"minecraft:polished_blackstone_brick_stairs":29,"minecraft:acacia_planks":417,"minecraft:chiseled_nether_bricks":734,"minecraft:red_nether_brick_stairs":40},"minecraft:dropped":{"minecraft:chain":1,"minecraft:acacia_fence_gate":1,"minecraft:polished_blackstone_brick_slab":1,"minecraft:chiseled_nether_bricks":1,"minecraft:red_nether_bricks":1,"minecraft:polished_blackstone_brick_stairs":1,"minecraft:polished_blackstone_brick_wall":3,"minecraft:acacia_fence":1,"minecraft:acacia_planks":1,"minecraft:red_nether_brick_wall":1,"minecraft:red_stained_glass_pane":1,"minecraft:red_nether_brick_stairs":1}},"DataVersion":2586}