{"stats":{"minecraft:picked_up":{"minecraft:stick":2,"minecraft:crafting_table":1,"minecraft:item_frame":1,"minecraft:stone_axe":1,"minecraft:potion":2,"minecraft:stone_pickaxe":1,"minecraft:bread":73,"minecraft:emerald":64,"minecraft:sugar_cane":13,"minecraft:cobblestone":47},"minecraft:used":{"minecraft:stone_axe":1},"minecraft:custom":{"minecraft:crouch_one_cm":43,"minecraft:open_chest":1,"minecraft:time_since_rest":41772,"minecraft:play_one_minute":41772,"minecraft:sprint_one_cm":59873,"minecraft:walk_one_cm":130030,"minecraft:damage_taken":20,"minecraft:sneak_time":8,"minecraft:walk_under_water_one_cm":726,"minecraft:drop":19,"minecraft:jump":205,"minecraft:damage_dealt":10,"minecraft:walk_on_water_one_cm":1886,"minecraft:time_since_death":41772,"minecraft:player_kills":1,"minecraft:fall_one_cm":2891,"minecraft:fly_one_cm":15864},"minecraft:dropped":{"minecraft:cobblestone":47,"minecraft:stone_axe":1,"minecraft:apple":64,"minecraft:stone_pickaxe":1,"minecraft:crafting_table":1,"minecraft:rabbit":20,"minecraft:potion":2,"minecraft:emerald":256,"minecraft:chicken":20,"minecraft:stick":2,"minecraft:bread":128},"minecraft:mined":{"minecraft:sugar_cane":3}},"DataVersion":2586}