{"stats":{"minecraft:custom":{"minecraft:jump":204,"minecraft:time_since_rest":104446,"minecraft:crouch_one_cm":58,"minecraft:play_one_minute":104446,"minecraft:leave_game":1,"minecraft:sprint_one_cm":30160,"minecraft:time_since_death":104446,"minecraft:walk_one_cm":128849,"minecraft:sneak_time":308,"minecraft:climb_one_cm":407,"minecraft:drop":4,"minecraft:fly_one_cm":146655},"minecraft:picked_up":{"minecraft:egg":1},"minecraft:used":{"minecraft:red_nether_bricks":43,"minecraft:polished_blackstone_bricks":406,"minecraft:polished_blackstone_brick_stairs":11,"minecraft:egg":1,"minecraft:acacia_planks":220,"minecraft:chiseled_nether_bricks":193,"minecraft:grass_block":253},"minecraft:dropped":{"minecraft:polished_blackstone_brick_stairs":1,"minecraft:acacia_planks":1,"minecraft:chiseled_nether_bricks":1,"minecraft:red_nether_bricks":1}},"DataVersion":2586}