{"stats":{"minecraft:picked_up":{"minecraft:stick":2,"minecraft:crafting_table":1,"minecraft:rabbit_stew":1,"minecraft:potion":4,"minecraft:porkchop":10,"minecraft:mushroom_stew":1,"minecraft:chain":10,"minecraft:ink_sac":2,"minecraft:spruce_log":19,"minecraft:beetroot_soup":1,"minecraft:item_frame":1,"minecraft:rotten_flesh":2,"minecraft:stone_axe":2,"minecraft:wheat_seeds":1,"minecraft:netherite_sword":1,"minecraft:iron_ingot":3,"minecraft:stone_pickaxe":3,"minecraft:emerald":80,"minecraft:bread":73,"minecraft:glass_bottle":1,"minecraft:sugar_cane":21,"minecraft:coal":1,"minecraft:white_wool":3,"minecraft:cobblestone":47},"minecraft:used":{"minecraft:item_frame":5,"minecraft:stone_axe":1,"minecraft:campfire":4},"minecraft:custom":{"minecraft:time_since_rest":59772,"minecraft:sprint_one_cm":74328,"minecraft:damage_taken":20,"minecraft:walk_one_cm":146559,"minecraft:drop":42,"minecraft:damage_dealt":10,"minecraft:fly_one_cm":73224,"minecraft:player_kills":1,"minecraft:open_chest":1,"minecraft:play_one_minute":59772,"minecraft:crouch_one_cm":43,"minecraft:sneak_time":29,"minecraft:walk_under_water_one_cm":726,"minecraft:jump":244,"minecraft:time_since_death":59772,"minecraft:walk_on_water_one_cm":1886,"minecraft:fall_one_cm":2891},"minecraft:dropped":{"minecraft:bread":128,"minecraft:stone_axe":1,"minecraft:crafting_table":1,"minecraft:rabbit":20,"minecraft:netherite_sword":2,"minecraft:chicken":20,"minecraft:potion":2,"minecraft:cobblestone":47,"minecraft:enchanted_golden_apple":16,"minecraft:apple":64,"minecraft:stone_pickaxe":1,"minecraft:totem_of_undying":5,"minecraft:stick":2,"minecraft:emerald":256},"minecraft:mined":{"minecraft:sugar_cane":3}},"DataVersion":2586}