{"stats":{"minecraft:used":{"minecraft:shroomlight":13,"minecraft:netherite_block":1,"minecraft:polished_blackstone_brick_slab":50,"minecraft:crying_obsidian":70,"minecraft:grass_block":349,"minecraft:red_stained_glass":53,"minecraft:red_nether_bricks":431,"minecraft:polished_blackstone_brick_wall":90,"minecraft:polished_blackstone_brick_stairs":58,"minecraft:red_nether_brick_stairs":40,"minecraft:chiseled_nether_bricks":734,"minecraft:acacia_fence_gate":10,"minecraft:polished_blackstone_bricks":1496,"minecraft:red_stained_glass_pane":15,"minecraft:red_nether_brick_wall":45,"minecraft:red_nether_brick_slab":1,"minecraft:acacia_fence":23,"minecraft:chain":16,"minecraft:trapped_chest":1,"minecraft:egg":1,"minecraft:acacia_planks":418},"minecraft:custom":{"minecraft:time_since_rest":246176,"minecraft:sprint_one_cm":45776,"minecraft:walk_one_cm":183702,"minecraft:trigger_trapped_chest":2,"minecraft:drop":14,"minecraft:fly_one_cm":709050,"minecraft:crouch_one_cm":155,"minecraft:play_one_minute":246176,"minecraft:walk_under_water_one_cm":233,"minecraft:sneak_time":3070,"minecraft:jump":266,"minecraft:walk_on_water_one_cm":41,"minecraft:leave_game":4,"minecraft:time_since_death":246176,"minecraft:climb_one_cm":407},"minecraft:picked_up":{"minecraft:polished_blackstone_brick_wall":2,"minecraft:egg":1},"minecraft:dropped":{"minecraft:chiseled_nether_bricks":1,"minecraft:polished_blackstone_brick_stairs":1,"minecraft:chain":1,"minecraft:acacia_fence_gate":1,"minecraft:polished_blackstone_brick_slab":1,"minecraft:red_nether_bricks":1,"minecraft:polished_blackstone_brick_wall":3,"minecraft:acacia_fence":1,"minecraft:acacia_planks":1,"minecraft:red_nether_brick_wall":1,"minecraft:red_stained_glass_pane":1,"minecraft:red_nether_brick_stairs":1}},"DataVersion":2586}