{"stats":{"minecraft:custom":{"minecraft:time_since_rest":140446,"minecraft:play_one_minute":140446,"minecraft:crouch_one_cm":81,"minecraft:sprint_one_cm":30516,"minecraft:walk_one_cm":130655,"minecraft:sneak_time":696,"minecraft:drop":11,"minecraft:jump":207,"minecraft:leave_game":1,"minecraft:time_since_death":140446,"minecraft:climb_one_cm":407,"minecraft:fly_one_cm":242248},"minecraft:picked_up":{"minecraft:polished_blackstone_brick_wall":2,"minecraft:egg":1},"minecraft:used":{"minecraft:acacia_fence_gate":10,"minecraft:polished_blackstone_bricks":600,"minecraft:polished_blackstone_brick_slab":35,"minecraft:crying_obsidian":70,"minecraft:grass_block":277,"minecraft:chain":16,"minecraft:red_nether_bricks":46,"minecraft:acacia_fence":22,"minecraft:polished_blackstone_brick_wall":39,"minecraft:egg":1,"minecraft:polished_blackstone_brick_stairs":15,"minecraft:acacia_planks":220,"minecraft:chiseled_nether_bricks":330},"minecraft:dropped":{"minecraft:chain":1,"minecraft:acacia_fence_gate":1,"minecraft:polished_blackstone_brick_slab":1,"minecraft:chiseled_nether_bricks":1,"minecraft:red_nether_bricks":1,"minecraft:polished_blackstone_brick_stairs":1,"minecraft:polished_blackstone_brick_wall":3,"minecraft:acacia_fence":1,"minecraft:acacia_planks":1}},"DataVersion":2586}