{"stats":{"minecraft:picked_up":{"minecraft:polished_blackstone_brick_wall":2,"minecraft:egg":1},"minecraft:custom":{"minecraft:time_since_rest":216575,"minecraft:sprint_one_cm":43448,"minecraft:walk_one_cm":177521,"minecraft:trigger_trapped_chest":2,"minecraft:drop":14,"minecraft:fly_one_cm":615742,"minecraft:crouch_one_cm":136,"minecraft:play_one_minute":216575,"minecraft:walk_under_water_one_cm":233,"minecraft:sneak_time":2507,"minecraft:jump":255,"minecraft:walk_on_water_one_cm":41,"minecraft:leave_game":3,"minecraft:time_since_death":216575,"minecraft:climb_one_cm":407},"minecraft:dropped":{"minecraft:chiseled_nether_bricks":1,"minecraft:polished_blackstone_brick_stairs":1,"minecraft:chain":1,"minecraft:acacia_fence_gate":1,"minecraft:polished_blackstone_brick_slab":1,"minecraft:red_nether_bricks":1,"minecraft:polished_blackstone_brick_wall":3,"minecraft:acacia_fence":1,"minecraft:acacia_planks":1,"minecraft:red_nether_brick_wall":1,"minecraft:red_stained_glass_pane":1,"minecraft:red_nether_brick_stairs":1},"minecraft:used":{"minecraft:shroomlight":13,"minecraft:netherite_block":1,"minecraft:polished_blackstone_brick_slab":41,"minecraft:crying_obsidian":70,"minecraft:grass_block":277,"minecraft:red_stained_glass":53,"minecraft:red_nether_bricks":166,"minecraft:polished_blackstone_brick_wall":90,"minecraft:polished_blackstone_brick_stairs":38,"minecraft:red_nether_brick_stairs":40,"minecraft:chiseled_nether_bricks":734,"minecraft:acacia_fence_gate":10,"minecraft:polished_blackstone_bricks":1297,"minecraft:red_stained_glass_pane":15,"minecraft:red_nether_brick_wall":45,"minecraft:red_nether_brick_slab":1,"minecraft:acacia_fence":23,"minecraft:chain":16,"minecraft:trapped_chest":1,"minecraft:egg":1,"minecraft:acacia_planks":418}},"DataVersion":2586}