{"stats":{"minecraft:custom":{"minecraft:time_since_rest":128446,"minecraft:play_one_minute":128446,"minecraft:crouch_one_cm":81,"minecraft:sprint_one_cm":30516,"minecraft:walk_one_cm":130655,"minecraft:sneak_time":422,"minecraft:drop":11,"minecraft:jump":207,"minecraft:leave_game":1,"minecraft:time_since_death":128446,"minecraft:climb_one_cm":407,"minecraft:fly_one_cm":214128},"minecraft:picked_up":{"minecraft:polished_blackstone_brick_wall":2,"minecraft:egg":1},"minecraft:used":{"minecraft:polished_blackstone_bricks":430,"minecraft:polished_blackstone_brick_slab":35,"minecraft:crying_obsidian":70,"minecraft:grass_block":277,"minecraft:chain":4,"minecraft:red_nether_bricks":43,"minecraft:acacia_fence":8,"minecraft:polished_blackstone_brick_wall":27,"minecraft:egg":1,"minecraft:polished_blackstone_brick_stairs":11,"minecraft:acacia_planks":220,"minecraft:chiseled_nether_bricks":193},"minecraft:dropped":{"minecraft:chain":1,"minecraft:acacia_fence_gate":1,"minecraft:polished_blackstone_brick_slab":1,"minecraft:chiseled_nether_bricks":1,"minecraft:red_nether_bricks":1,"minecraft:polished_blackstone_brick_stairs":1,"minecraft:polished_blackstone_brick_wall":3,"minecraft:acacia_fence":1,"minecraft:acacia_planks":1}},"DataVersion":2586}