{"stats":{"minecraft:custom":{"minecraft:jump":82,"minecraft:time_since_rest":80446,"minecraft:crouch_one_cm":58,"minecraft:play_one_minute":80446,"minecraft:leave_game":1,"minecraft:sprint_one_cm":24623,"minecraft:time_since_death":80446,"minecraft:walk_one_cm":85459,"minecraft:sneak_time":171,"minecraft:climb_one_cm":407,"minecraft:fly_one_cm":108243},"minecraft:picked_up":{"minecraft:egg":1},"minecraft:used":{"minecraft:polished_blackstone_bricks":9,"minecraft:egg":1,"minecraft:grass_block":253}},"DataVersion":2586}