{"stats":{"minecraft:picked_up":{"minecraft:stick":2,"minecraft:crafting_table":1,"minecraft:stone_axe":1,"minecraft:stone_pickaxe":1,"minecraft:sugar_cane":13,"minecraft:cobblestone":47},"minecraft:used":{"minecraft:stone_axe":1},"minecraft:custom":{"minecraft:crouch_one_cm":43,"minecraft:open_chest":1,"minecraft:time_since_rest":29772,"minecraft:play_one_minute":29772,"minecraft:sprint_one_cm":52316,"minecraft:walk_one_cm":109363,"minecraft:damage_taken":20,"minecraft:sneak_time":8,"minecraft:walk_under_water_one_cm":726,"minecraft:drop":7,"minecraft:jump":185,"minecraft:damage_dealt":10,"minecraft:walk_on_water_one_cm":1886,"minecraft:time_since_death":29772,"minecraft:player_kills":1,"minecraft:fall_one_cm":2891,"minecraft:fly_one_cm":14984},"minecraft:dropped":{"minecraft:cobblestone":47,"minecraft:stone_axe":1,"minecraft:stone_pickaxe":1,"minecraft:crafting_table":1,"minecraft:stick":2},"minecraft:mined":{"minecraft:sugar_cane":3}},"DataVersion":2586}