{"stats":{"minecraft:custom":{"minecraft:jump":177,"minecraft:time_since_rest":92446,"minecraft:crouch_one_cm":58,"minecraft:play_one_minute":92446,"minecraft:leave_game":1,"minecraft:sprint_one_cm":29132,"minecraft:time_since_death":92446,"minecraft:walk_one_cm":108964,"minecraft:sneak_time":184,"minecraft:climb_one_cm":407,"minecraft:drop":1,"minecraft:fly_one_cm":118911},"minecraft:picked_up":{"minecraft:egg":1},"minecraft:used":{"minecraft:polished_blackstone_bricks":296,"minecraft:egg":1,"minecraft:acacia_planks":131,"minecraft:grass_block":253},"minecraft:dropped":{"minecraft:chiseled_nether_bricks":1}},"DataVersion":2586}