{"stats":{"minecraft:custom":{"minecraft:time_since_rest":116446,"minecraft:play_one_minute":116446,"minecraft:crouch_one_cm":81,"minecraft:sprint_one_cm":30160,"minecraft:walk_one_cm":130485,"minecraft:sneak_time":353,"minecraft:drop":9,"minecraft:jump":206,"minecraft:leave_game":1,"minecraft:time_since_death":116446,"minecraft:climb_one_cm":407,"minecraft:fly_one_cm":197718},"minecraft:picked_up":{"minecraft:polished_blackstone_brick_wall":2,"minecraft:egg":1},"minecraft:used":{"minecraft:polished_blackstone_bricks":430,"minecraft:polished_blackstone_brick_slab":12,"minecraft:crying_obsidian":70,"minecraft:grass_block":277,"minecraft:red_nether_bricks":43,"minecraft:polished_blackstone_brick_wall":12,"minecraft:egg":1,"minecraft:polished_blackstone_brick_stairs":11,"minecraft:acacia_planks":220,"minecraft:chiseled_nether_bricks":193},"minecraft:dropped":{"minecraft:polished_blackstone_brick_slab":1,"minecraft:chiseled_nether_bricks":1,"minecraft:red_nether_bricks":1,"minecraft:polished_blackstone_brick_stairs":1,"minecraft:polished_blackstone_brick_wall":3,"minecraft:acacia_fence":1,"minecraft:acacia_planks":1}},"DataVersion":2586}