{"stats":{"minecraft:killed":{"minecraft:skeleton":1,"minecraft:zombie":1},"minecraft:picked_up":{"minecraft:stick":2,"minecraft:crafting_table":1,"minecraft:rabbit_stew":1,"minecraft:potion":4,"minecraft:porkchop":10,"minecraft:mushroom_stew":1,"minecraft:chain":10,"minecraft:ink_sac":2,"minecraft:white_bed":1,"minecraft:spruce_log":19,"minecraft:beetroot_soup":1,"minecraft:item_frame":1,"minecraft:rotten_flesh":3,"minecraft:stone_axe":2,"minecraft:wheat_seeds":1,"minecraft:netherite_sword":1,"minecraft:iron_ingot":3,"minecraft:stone_pickaxe":3,"minecraft:emerald":80,"minecraft:bread":99,"minecraft:glass_bottle":1,"minecraft:enchanted_golden_apple":38,"minecraft:sugar_cane":21,"minecraft:stone_hoe":1,"minecraft:coal":1,"minecraft:white_wool":3,"minecraft:cobblestone":47},"minecraft:used":{"minecraft:netherite_sword":1,"minecraft:wither_skeleton_skull":21,"minecraft:witch_spawn_egg":36,"minecraft:zombie_spawn_egg":16,"minecraft:item_frame":5,"minecraft:stone_axe":1,"minecraft:soul_sand":26,"minecraft:skeleton_spawn_egg":40,"minecraft:skeleton_skull":6,"minecraft:campfire":4,"minecraft:splash_potion":527},"minecraft:custom":{"minecraft:time_since_rest":83772,"minecraft:sprint_one_cm":100040,"minecraft:damage_taken":20,"minecraft:walk_one_cm":192017,"minecraft:mob_kills":2,"minecraft:drop":369,"minecraft:damage_dealt":52,"minecraft:fly_one_cm":276292,"minecraft:player_kills":2,"minecraft:open_chest":1,"minecraft:play_one_minute":83772,"minecraft:crouch_one_cm":345,"minecraft:sneak_time":339,"minecraft:walk_under_water_one_cm":726,"minecraft:jump":309,"minecraft:time_since_death":83772,"minecraft:walk_on_water_one_cm":1886,"minecraft:fall_one_cm":2891},"minecraft:dropped":{"minecraft:bread":128,"minecraft:stone_axe":1,"minecraft:crafting_table":1,"minecraft:rabbit":20,"minecraft:netherite_sword":5,"minecraft:netherite_chestplate":4,"minecraft:netherite_helmet":3,"minecraft:netherite_boots":3,"minecraft:chicken":20,"minecraft:potion":2,"minecraft:cobblestone":47,"minecraft:enchanted_golden_apple":388,"minecraft:apple":64,"minecraft:stone_pickaxe":1,"minecraft:totem_of_undying":7,"minecraft:netherite_leggings":3,"minecraft:stick":2,"minecraft:emerald":256},"minecraft:mined":{"minecraft:sugar_cane":3}},"DataVersion":2586}