{"stats":{"minecraft:custom":{"minecraft:time_since_rest":152446,"minecraft:play_one_minute":152446,"minecraft:crouch_one_cm":81,"minecraft:sprint_one_cm":30516,"minecraft:walk_one_cm":132205,"minecraft:sneak_time":979,"minecraft:drop":14,"minecraft:jump":209,"minecraft:leave_game":1,"minecraft:time_since_death":152446,"minecraft:climb_one_cm":407,"minecraft:fly_one_cm":289187},"minecraft:picked_up":{"minecraft:polished_blackstone_brick_wall":2,"minecraft:egg":1},"minecraft:used":{"minecraft:acacia_fence_gate":10,"minecraft:polished_blackstone_bricks":693,"minecraft:red_stained_glass_pane":15,"minecraft:polished_blackstone_brick_slab":35,"minecraft:red_nether_brick_wall":45,"minecraft:crying_obsidian":70,"minecraft:grass_block":277,"minecraft:chain":16,"minecraft:red_nether_bricks":46,"minecraft:acacia_fence":23,"minecraft:polished_blackstone_brick_wall":90,"minecraft:egg":1,"minecraft:polished_blackstone_brick_stairs":15,"minecraft:acacia_planks":284,"minecraft:red_nether_brick_stairs":40,"minecraft:chiseled_nether_bricks":369},"minecraft:dropped":{"minecraft:chain":1,"minecraft:acacia_fence_gate":1,"minecraft:polished_blackstone_brick_slab":1,"minecraft:chiseled_nether_bricks":1,"minecraft:red_nether_bricks":1,"minecraft:polished_blackstone_brick_stairs":1,"minecraft:polished_blackstone_brick_wall":3,"minecraft:acacia_fence":1,"minecraft:acacia_planks":1,"minecraft:red_nether_brick_wall":1,"minecraft:red_nether_brick_stairs":1,"minecraft:red_stained_glass_pane":1}},"DataVersion":2586}