{"stats":{"minecraft:custom":{"minecraft:animals_bred":12,"minecraft:interact_with_crafting_table":13,"minecraft:open_barrel":4,"minecraft:bell_ring":2,"minecraft:leave_game":23,"minecraft:time_since_death":2190998,"minecraft:damage_resisted":209,"minecraft:sprint_one_cm":1679794,"minecraft:drop":261,"minecraft:deaths":2,"minecraft:jump":5911,"minecraft:walk_on_water_one_cm":57148,"minecraft:interact_with_furnace":1,"minecraft:interact_with_cartography_table":5,"minecraft:play_one_minute":5198961,"minecraft:sleep_in_bed":4,"minecraft:damage_dealt":10845,"minecraft:interact_with_beacon":19,"minecraft:player_kills":2,"minecraft:crouch_one_cm":9277,"minecraft:inspect_dispenser":87,"minecraft:mob_kills":188,"minecraft:interact_with_anvil":9,"minecraft:climb_one_cm":21398,"minecraft:walk_one_cm":6467332,"minecraft:sneak_time":40129,"minecraft:walk_under_water_one_cm":27435,"minecraft:interact_with_lectern":8,"minecraft:interact_with_blast_furnace":2,"minecraft:time_since_rest":817382,"minecraft:damage_taken":3617,"minecraft:damage_absorbed":724,"minecraft:trigger_trapped_chest":43,"minecraft:swim_one_cm":6746,"minecraft:fly_one_cm":13716851,"minecraft:open_chest":50,"minecraft:aviate_one_cm":586,"minecraft:fall_one_cm":48786},"minecraft:killed":{"minecraft:spider":22,"minecraft:skeleton":11,"minecraft:chicken":76,"dungeonsmod:pice":2,"minecraft:creeper":10,"minecraft:zombie":20,"minecraft:phantom":15,"dungeonsmod:whirlwind":2,"dungeonsmod:ironslime":1,"dungeonsmod:leech":1,"minecraft:rabbit":22,"minecraft:polar_bear":1},"minecraft:broken":{"minecraft:wooden_shovel":1,"minecraft:wooden_axe":1},"minecraft:picked_up":{"minecraft:iron_chestplate":1,"minecraft:wheat":843,"minecraft:potion":2,"minecraft:string":98,"minecraft:iron_leggings":1,"minecraft:experience_bottle":22,"minecraft:beetroot":53,"minecraft:diamond_leggings":1,"minecraft:redstone_torch":2,"minecraft:written_book":2,"minecraft:smooth_quartz":1,"minecraft:iron_pickaxe":1,"minecraft:enchanted_golden_apple":11,"minecraft:crimson_sign":1,"minecraft:stick":30,"minecraft:torch":8,"minecraft:spruce_stairs":6,"minecraft:diorite":5,"minecraft:stone_sword":1,"minecraft:rotten_flesh":63,"minecraft:tropical_fish":1,"minecraft:iron_bars":3,"minecraft:cobblestone":358,"minecraft:feather":65,"minecraft:repeater":2,"minecraft:iron_door":1,"minecraft:andesite":43,"minecraft:potato":332,"minecraft:dirt":1565,"minecraft:lantern":13,"minecraft:bone":44,"minecraft:bow":10,"minecraft:wheat_seeds":2389,"minecraft:dark_oak_sign":9,"minecraft:rabbit":3,"minecraft:diamond_helmet":1,"minecraft:bamboo":29,"minecraft:sand":15,"minecraft:grass_block":1,"minecraft:diamond_block":11,"minecraft:spectral_arrow":104,"minecraft:netherite_block":1,"minecraft:light_gray_concrete":4,"minecraft:writable_book":1,"minecraft:polished_blackstone_pressure_plate":253,"minecraft:lever":8,"minecraft:polished_blackstone_button":2,"minecraft:granite":4,"minecraft:bread":6,"minecraft:emerald":278,"minecraft:oak_sapling":1,"minecraft:allium":627,"minecraft:azure_bluet":1,"minecraft:chicken":60,"minecraft:redstone_lamp":1,"minecraft:shield":2,"minecraft:heavy_weighted_pressure_plate":1,"minecraft:cornflower":1,"minecraft:jungle_trapdoor":1,"minecraft:elytra":1,"minecraft:wooden_sword":1,"minecraft:iron_shovel":1,"minecraft:white_carpet":1,"minecraft:compass":67,"minecraft:polished_blackstone_wall":1,"minecraft:blue_orchid":1,"dungeonsmod:translatable_book":1,"minecraft:jungle_sapling":1,"minecraft:poppy":13,"minecraft:lectern":1,"minecraft:sugar_cane":82,"minecraft:phantom_membrane":4,"minecraft:egg":20,"dungeonsmod:potion_straw":3,"minecraft:bowl":2,"minecraft:spruce_fence":1,"minecraft:quartz_pillar":3,"minecraft:stone_button":8,"minecraft:trident":8,"minecraft:carrot":214,"minecraft:redstone":36,"minecraft:arrow":221,"minecraft:diamond_chestplate":1,"minecraft:beetroot_seeds":141,"minecraft:shears":1,"minecraft:diamond_boots":1,"minecraft:totem_of_undying":1,"minecraft:oxeye_daisy":14,"minecraft:salmon":1,"minecraft:leather":64,"minecraft:ice":9,"minecraft:gunpowder":25,"minecraft:paper":64,"minecraft:apple":26,"minecraft:rabbit_hide":6,"minecraft:iron_ingot":16,"minecraft:stone_pickaxe":1,"minecraft:scaffolding":1,"minecraft:sweet_berries":18,"minecraft:pumpkin":6,"minecraft:dandelion":2,"minecraft:gravel":11,"minecraft:spruce_sapling":56,"minecraft:soul_torch":13,"minecraft:spruce_log":60,"minecraft:spider_eye":4,"minecraft:slime_ball":2,"minecraft:stone_axe":1,"minecraft:painting":5,"minecraft:ender_pearl":1},"minecraft:dropped":{"minecraft:oak_pressure_plate":1,"minecraft:ender_pearl":6,"minecraft:red_nether_brick_slab":1,"minecraft:leather":64,"minecraft:black_banner":1,"minecraft:red_carpet":1,"minecraft:emerald":278,"minecraft:gold_block":1,"minecraft:dirt":9,"minecraft:polished_blackstone_pressure_plate":125,"minecraft:polished_blackstone_brick_stairs":1,"minecraft:writable_book":2,"minecraft:polished_blackstone_bricks":4,"minecraft:bone":24,"minecraft:polished_blackstone_wall":3,"dungeonsmod:translatable_book":1,"minecraft:stone_axe":1,"minecraft:compass":68,"minecraft:lever":1,"minecraft:black_carpet":2,"minecraft:rotten_flesh":81,"minecraft:enchanted_golden_apple":24,"dungeonsmod:sun_overdrive":1,"minecraft:jungle_trapdoor":2,"minecraft:birch_fence_gate":1,"minecraft:salmon":1,"minecraft:rabbit_hide":5,"minecraft:trident":9,"minecraft:chest":1,"minecraft:painting":64,"minecraft:red_nether_bricks":1,"minecraft:arrow":69,"minecraft:acacia_fence":1,"minecraft:written_book":1,"minecraft:lectern":1,"minecraft:egg":1,"minecraft:water_bucket":1,"minecraft:bread":112,"minecraft:chiseled_nether_bricks":2,"minecraft:diamond_leggings":1,"minecraft:oak_fence":1,"minecraft:feather":64,"minecraft:spectral_arrow":64,"minecraft:apple":26,"minecraft:nether_brick_wall":1,"minecraft:spruce_stairs":5,"minecraft:grass_block":1,"minecraft:yellow_carpet":1,"minecraft:mushroom_stew":2,"minecraft:stick":8,"minecraft:lava_bucket":1,"minecraft:iron_block":1,"minecraft:repeater":2,"minecraft:nether_wart_block":1,"minecraft:rabbit":3,"minecraft:diamond_helmet":1,"minecraft:crimson_sign":2,"minecraft:potion":1,"minecraft:iron_leggings":1,"minecraft:polished_blackstone_brick_slab":2,"minecraft:crimson_fence":2,"minecraft:paper":64,"minecraft:string":78,"minecraft:red_nether_brick_wall":1,"minecraft:beetroot_soup":1,"minecraft:spruce_sapling":12,"minecraft:redstone":20,"minecraft:nether_brick_slab":1,"minecraft:stone_sword":1,"minecraft:experience_bottle":22,"minecraft:chicken":49,"minecraft:white_carpet":1,"minecraft:totem_of_undying":5,"minecraft:shears":5,"minecraft:red_nether_brick_stairs":1,"minecraft:shroomlight":1,"minecraft:shield":2,"minecraft:diamond_chestplate":1,"minecraft:spruce_planks":1,"minecraft:netherite_block":2,"minecraft:iron_chestplate":1,"minecraft:redstone_torch":1,"minecraft:spider_eye":4,"minecraft:diamond_boots":1,"minecraft:rabbit_stew":1,"minecraft:bow":7,"minecraft:stone_pickaxe":1,"minecraft:bell":2,"minecraft:magma_block":1,"minecraft:crimson_hyphae":2},"minecraft:mined":{"minecraft:grass_block":170,"minecraft:pumpkin":6,"minecraft:light_gray_concrete":2,"minecraft:torch":3,"minecraft:sugar_cane":38,"minecraft:wheat":863,"minecraft:grass":3,"minecraft:beetroots":54,"minecraft:dirt":54,"minecraft:sand":11,"minecraft:smooth_quartz":1,"minecraft:spruce_fence":1,"minecraft:spruce_leaves":20,"minecraft:large_fern":6,"minecraft:spruce_sapling":2,"minecraft:carrots":59,"minecraft:potatoes":96,"minecraft:stone":4,"minecraft:tall_grass":2,"minecraft:spruce_stairs":1,"minecraft:dark_oak_wall_sign":2,"minecraft:sweet_berry_bush":7,"minecraft:spruce_log":52,"minecraft:gravel":6,"minecraft:fern":2},"minecraft:crafted":{"minecraft:wooden_shovel":1,"minecraft:spruce_planks":200,"minecraft:stick":84,"minecraft:spruce_fence_gate":1,"minecraft:trident":1,"minecraft:spruce_fence":57,"minecraft:spruce_stairs":4,"minecraft:bread":281,"minecraft:wooden_axe":2},"minecraft:used":{"dungeonsmod:piranha_egg":2,"dungeonsmod:slimond_egg":2,"minecraft:nether_brick_fence":16,"minecraft:writable_book":5,"minecraft:red_sand":4,"dungeonsmod:anthermite_egg":1,"minecraft:smooth_quartz_slab":446,"minecraft:dispenser":212,"minecraft:spruce_slab":12,"minecraft:polished_blackstone":2,"minecraft:ladder":74,"minecraft:oak_sign":6,"minecraft:black_carpet":210,"minecraft:chest":19,"minecraft:stone":1375,"minecraft:iron_sword":3,"minecraft:zombie_spawn_egg":46,"minecraft:red_nether_brick_stairs":1262,"minecraft:bell":3,"customnpcs:npcwand":33,"minecraft:player_head":39,"minecraft:soul_campfire":1,"dungeonsmod:deadhound_egg":1,"minecraft:lily_of_the_valley":1,"minecraft:skeleton_spawn_egg":16,"minecraft:blue_stained_glass":4,"minecraft:brick_slab":103,"minecraft:carrot":161,"minecraft:jungle_slab":81,"minecraft:acacia_sapling":1,"dungeonsmod:rogue_egg":2,"minecraft:azure_bluet":2,"minecraft:stripped_spruce_log":485,"dungeonsmod:crow_egg":2,"minecraft:jungle_sapling":2,"minecraft:glass":12,"dungeonsmod:winterhunter_egg":99,"minecraft:lava_bucket":1,"minecraft:netherite_shovel":924,"minecraft:bricks":129,"minecraft:quartz_pillar":201,"minecraft:quartz_slab":1,"minecraft:grass_block":7821,"dungeonsmod:whirlwind_egg":3,"minecraft:black_stained_glass_pane":29,"minecraft:lantern":92,"minecraft:blue_orchid":2,"minecraft:birch_sapling":1,"minecraft:polished_andesite_stairs":1,"minecraft:netherite_hoe":356,"dungeonsmod:pitcher_egg":2,"minecraft:item_frame":16,"minecraft:repeater":406,"minecraft:birch_trapdoor":3,"minecraft:red_nether_brick_wall":445,"minecraft:red_stained_glass_pane":300,"minecraft:red_carpet":38,"minecraft:redstone_lamp":134,"minecraft:bow":531,"minecraft:magma_block":168,"minecraft:written_book":3,"minecraft:scaffolding":22,"minecraft:oak_sapling":3,"minecraft:beetroot_seeds":122,"minecraft:acacia_fence":246,"minecraft:gold_block":2,"minecraft:skeleton_skull":45,"minecraft:egg":9,"minecraft:potato":210,"customnpcs:npcmobcloner":2,"minecraft:dark_prismarine_stairs":226,"minecraft:stripped_spruce_wood":115,"minecraft:spider_spawn_egg":42,"minecraft:zombie_horse_spawn_egg":1,"minecraft:dark_oak_stairs":1,"minecraft:spruce_door":2,"minecraft:red_stained_glass":212,"minecraft:acacia_trapdoor":2,"minecraft:dark_oak_sign":35,"dungeonsmod:charge_launcher":736,"minecraft:oak_planks":186,"minecraft:ender_pearl":44,"minecraft:sandstone":2,"customnpcs:npcmovingpath":251,"minecraft:clay":1,"minecraft:sugar_cane":82,"dungeonsmod:leech_egg":5,"minecraft:smooth_quartz_stairs":90,"minecraft:golden_apple":1,"minecraft:dark_oak_trapdoor":27,"minecraft:sand":7,"minecraft:lime_stained_glass_pane":2,"minecraft:black_banner":1,"minecraft:sponge":71,"minecraft:lingering_potion":4,"dungeonsmod:notehead_egg":2,"minecraft:creeper_spawn_egg":12,"minecraft:redstone_torch":2,"minecraft:lever":39,"minecraft:firework_rocket":11,"minecraft:birch_fence_gate":4,"minecraft:crying_obsidian":1376,"minecraft:light_gray_concrete":52,"dungeonsmod:haunter_egg":1,"minecraft:heavy_weighted_pressure_plate":30,"minecraft:bread":10,"minecraft:stone_button":2,"minecraft:lectern":5,"minecraft:oak_pressure_plate":5,"minecraft:iron_door":42,"minecraft:gravel":3,"minecraft:polished_andesite_slab":4,"minecraft:soul_lantern":1,"minecraft:nether_wart_block":30,"minecraft:dark_oak_fence":4,"minecraft:white_stained_glass":1,"minecraft:chain":231,"minecraft:mossy_cobblestone_wall":80,"minecraft:smooth_stone_slab":1,"minecraft:white_concrete":1,"minecraft:compass":1,"dungeonsmod:mimic_egg":1,"minecraft:bone_meal":379,"minecraft:experience_bottle":5,"dungeonsmod:lordskeleton_egg":1,"minecraft:oak_fence":230,"minecraft:oak_trapdoor":34,"minecraft:stripped_acacia_wood":6,"minecraft:petrified_oak_slab":1,"minecraft:trident":162,"minecraft:netherite_sword":382,"minecraft:polished_blackstone_brick_slab":158,"minecraft:iron_bars":305,"minecraft:acacia_log":361,"minecraft:crimson_fence":8,"minecraft:flint_and_steel":7,"minecraft:carved_pumpkin":43,"minecraft:red_concrete":1,"minecraft:armor_stand":10,"minecraft:redstone":752,"minecraft:spruce_planks":281,"minecraft:wither_skeleton_spawn_egg":38,"minecraft:wooden_shovel":59,"minecraft:stripped_birch_wood":8,"minecraft:polished_blackstone_wall":463,"minecraft:oak_door":9,"minecraft:torch":150,"minecraft:anvil":2,"minecraft:dirt":2259,"minecraft:red_nether_brick_slab":1002,"minecraft:target":3,"minecraft:white_carpet":205,"minecraft:spruce_stairs":175,"minecraft:cobblestone_wall":133,"minecraft:crimson_hyphae":26,"minecraft:nether_brick_slab":61,"minecraft:yellow_carpet":49,"minecraft:jungle_trapdoor":9,"minecraft:spruce_fence":52,"minecraft:nether_brick_stairs":3,"minecraft:shroomlight":242,"minecraft:wooden_axe":63,"minecraft:red_tulip":2,"dungeonsmod:ironslime_egg":1,"dungeonsmod:deserted_egg":2,"minecraft:iron_block":1275,"minecraft:warped_fence":11,"minecraft:acacia_slab":1,"minecraft:jungle_log":61,"minecraft:chicken_spawn_egg":74,"minecraft:smooth_quartz":6233,"minecraft:polished_blackstone_brick_stairs":523,"dungeonsmod:kraken_egg":1,"dungeonsmod:king_egg":1,"minecraft:totem_of_undying":1,"minecraft:prismarine_slab":139,"minecraft:bamboo":1,"minecraft:basalt":2,"minecraft:glowstone":635,"minecraft:black_stained_glass":25,"minecraft:iron_trapdoor":85,"minecraft:white_stained_glass_pane":2,"minecraft:netherite_pickaxe":177,"minecraft:trapped_chest":5,"minecraft:stone_pressure_plate":20,"minecraft:enchanted_golden_apple":7,"minecraft:acacia_planks":10,"minecraft:observer":12,"minecraft:crimson_stem":6,"minecraft:wheat_seeds":1048,"minecraft:water_bucket":165,"minecraft:yellow_banner":1,"minecraft:warped_stem":51,"minecraft:nether_brick_wall":314,"minecraft:cobblestone_stairs":13,"minecraft:sandstone_stairs":4,"minecraft:lodestone":1,"minecraft:red_nether_bricks":4851,"minecraft:andesite_slab":1,"minecraft:beacon":151,"minecraft:chiseled_nether_bricks":3557,"minecraft:spruce_fence_gate":1,"minecraft:polished_blackstone_bricks":3554,"minecraft:diamond_block":1754,"minecraft:rabbit_spawn_egg":21,"minecraft:dark_prismarine_slab":984,"minecraft:tnt":1538,"minecraft:crafting_table":3,"minecraft:crimson_trapdoor":23,"minecraft:birch_sign":8,"minecraft:yellow_stained_glass_pane":2,"minecraft:white_bed":12,"minecraft:polar_bear_spawn_egg":1,"minecraft:painting":150,"minecraft:magenta_carpet":30,"minecraft:cake":11,"minecraft:spruce_log":269,"minecraft:dark_oak_door":7,"minecraft:oak_log":195,"minecraft:netherite_block":7382,"minecraft:dark_prismarine":106,"minecraft:oxeye_daisy":46,"minecraft:acacia_stairs":16,"minecraft:warped_trapdoor":8,"dungeonsmod:crawler_egg":3,"minecraft:stone_slab":1,"minecraft:spruce_trapdoor":34,"minecraft:spruce_sapling":26,"minecraft:acacia_fence_gate":49,"minecraft:crimson_sign":14,"minecraft:blue_carpet":62,"dungeonsmod:sun_egg":1,"minecraft:potion":94,"minecraft:crimson_stairs":2,"dungeonsmod:void_tome":54,"minecraft:warped_fence_gate":14,"minecraft:end_portal_frame":2,"minecraft:polished_blackstone_button":64,"dungeonsmod:pice_egg":2,"minecraft:splash_potion":265,"minecraft:smooth_stone":1,"minecraft:birch_stairs":12,"minecraft:soul_torch":25}},"DataVersion":2586}