{"stats":{"minecraft:killed":{"minecraft:spider":1,"minecraft:rabbit":22,"minecraft:polar_bear":1,"minecraft:phantom":6,"minecraft:skeleton":14,"minecraft:zombie":15,"minecraft:chicken":76},"minecraft:picked_up":{"minecraft:azure_bluet":1,"minecraft:feather":64,"minecraft:chicken":60,"minecraft:iron_door":1,"minecraft:salmon":1,"minecraft:leather":64,"minecraft:potion":2,"minecraft:shield":2,"minecraft:gunpowder":12,"minecraft:heavy_weighted_pressure_plate":1,"minecraft:dirt":18,"minecraft:string":71,"minecraft:paper":64,"minecraft:iron_shovel":1,"minecraft:bone":42,"minecraft:blue_orchid":1,"minecraft:apple":26,"minecraft:bow":7,"minecraft:wheat_seeds":13,"minecraft:rabbit_hide":6,"minecraft:iron_ingot":1,"minecraft:redstone_torch":1,"minecraft:written_book":1,"minecraft:smooth_quartz":1,"minecraft:jungle_sapling":1,"minecraft:poppy":1,"minecraft:rabbit":3,"minecraft:egg":2,"minecraft:phantom_membrane":1,"minecraft:stick":6,"minecraft:dandelion":1,"minecraft:quartz_pillar":3,"minecraft:stone_button":8,"minecraft:spruce_sapling":9,"minecraft:trident":2,"minecraft:light_gray_concrete":4,"minecraft:arrow":85,"minecraft:rotten_flesh":50,"minecraft:polished_blackstone_pressure_plate":253,"minecraft:lever":3,"minecraft:writable_book":1,"minecraft:shears":1,"minecraft:emerald":258,"minecraft:totem_of_undying":1,"minecraft:oak_sapling":1,"minecraft:iron_bars":3},"minecraft:dropped":{"minecraft:chicken":49,"minecraft:feather":64,"minecraft:rotten_flesh":16,"minecraft:apple":26,"minecraft:leather":64,"minecraft:shears":5,"minecraft:salmon":1,"minecraft:emerald":258,"minecraft:rabbit_hide":5,"minecraft:dirt":9,"minecraft:shield":2,"minecraft:trident":2,"minecraft:polished_blackstone_pressure_plate":125,"minecraft:rabbit":3,"minecraft:redstone_torch":1,"minecraft:writable_book":1,"minecraft:arrow":69,"minecraft:bow":7,"minecraft:paper":64,"minecraft:string":64,"minecraft:written_book":1,"minecraft:bone":24},"minecraft:mined":{"minecraft:tall_grass":2,"minecraft:large_fern":4,"minecraft:grass":1,"minecraft:light_gray_concrete":2,"minecraft:smooth_quartz":1},"minecraft:used":{"minecraft:trident":7,"minecraft:netherite_sword":153,"minecraft:writable_book":3,"minecraft:iron_bars":16,"minecraft:smooth_quartz_slab":8,"minecraft:oak_sign":6,"minecraft:andesite_slab":1,"customnpcs:npcmovingpath":192,"minecraft:zombie_spawn_egg":42,"minecraft:beacon":6,"minecraft:clay":1,"customnpcs:npcwand":24,"minecraft:golden_apple":1,"minecraft:rabbit_spawn_egg":21,"minecraft:torch":2,"minecraft:dirt":31,"minecraft:lily_of_the_valley":1,"minecraft:skeleton_spawn_egg":16,"minecraft:polar_bear_spawn_egg":1,"minecraft:acacia_sapling":1,"minecraft:azure_bluet":2,"minecraft:creeper_spawn_egg":12,"minecraft:jungle_sapling":2,"minecraft:netherite_shovel":614,"minecraft:apple":7,"minecraft:heavy_weighted_pressure_plate":20,"minecraft:bricks":6,"minecraft:red_tulip":2,"minecraft:quartz_pillar":29,"minecraft:lantern":4,"minecraft:quartz_slab":1,"minecraft:light_gray_concrete":52,"minecraft:blue_orchid":2,"minecraft:grass_block":304,"minecraft:birch_sapling":1,"minecraft:stone_button":2,"minecraft:polished_andesite_stairs":1,"minecraft:chicken_spawn_egg":71,"minecraft:lectern":1,"minecraft:stone_slab":1,"minecraft:smooth_quartz":18,"minecraft:iron_door":23,"minecraft:polished_andesite_slab":4,"minecraft:soul_lantern":1,"minecraft:glowstone":311,"minecraft:written_book":2,"minecraft:bow":164,"minecraft:iron_trapdoor":9,"minecraft:netherite_pickaxe":3,"minecraft:chain":2,"minecraft:polished_blackstone_button":34,"minecraft:smooth_stone_slab":1,"minecraft:white_concrete":1,"minecraft:acacia_planks":1,"minecraft:splash_potion":99,"minecraft:enchanted_golden_apple":4,"minecraft:bone_meal":23,"minecraft:smooth_stone":1},"minecraft:custom":{"minecraft:mob_kills":137,"minecraft:interact_with_anvil":1,"minecraft:interact_with_cartography_table":5,"minecraft:open_barrel":4,"minecraft:play_one_minute":1234884,"minecraft:bell_ring":2,"minecraft:leave_game":8,"minecraft:time_since_death":1234884,"minecraft:climb_one_cm":3163,"minecraft:damage_resisted":49,"minecraft:time_since_rest":1234884,"minecraft:sprint_one_cm":520601,"minecraft:damage_absorbed":156,"minecraft:damage_taken":591,"minecraft:walk_one_cm":1080899,"minecraft:drop":52,"minecraft:damage_dealt":4952,"minecraft:interact_with_beacon":3,"minecraft:fly_one_cm":1660999,"minecraft:open_chest":4,"minecraft:crouch_one_cm":928,"minecraft:sneak_time":1548,"minecraft:walk_under_water_one_cm":110,"minecraft:interact_with_lectern":7,"minecraft:jump":705,"minecraft:interact_with_blast_furnace":2,"minecraft:walk_on_water_one_cm":1228,"minecraft:fall_one_cm":3818}},"DataVersion":2586}