{"stats":{"minecraft:dropped":{"minecraft:red_nether_brick_slab":1,"minecraft:feather":64,"minecraft:leather":64,"minecraft:apple":26,"minecraft:nether_brick_wall":1,"minecraft:black_banner":1,"minecraft:grass_block":1,"minecraft:yellow_carpet":1,"minecraft:red_carpet":1,"minecraft:emerald":258,"minecraft:gold_block":1,"minecraft:dirt":9,"minecraft:polished_blackstone_pressure_plate":125,"minecraft:polished_blackstone_brick_stairs":1,"minecraft:nether_wart_block":1,"minecraft:rabbit":3,"minecraft:crimson_sign":2,"minecraft:writable_book":1,"minecraft:crimson_fence":2,"minecraft:polished_blackstone_brick_slab":1,"minecraft:polished_blackstone_bricks":3,"minecraft:paper":64,"minecraft:string":78,"minecraft:bone":24,"minecraft:chicken":49,"minecraft:rotten_flesh":16,"minecraft:jungle_trapdoor":2,"minecraft:shears":5,"minecraft:salmon":1,"minecraft:rabbit_hide":5,"minecraft:shroomlight":1,"minecraft:shield":2,"minecraft:trident":2,"minecraft:spruce_planks":1,"minecraft:netherite_block":2,"minecraft:redstone_torch":1,"minecraft:spider_eye":4,"minecraft:red_nether_bricks":1,"minecraft:arrow":69,"minecraft:bow":7,"minecraft:bell":2,"minecraft:crimson_hyphae":2,"minecraft:written_book":1,"minecraft:egg":1},"minecraft:used":{"minecraft:stripped_acacia_wood":6,"minecraft:trident":7,"minecraft:netherite_sword":181,"minecraft:polished_blackstone_brick_slab":20,"minecraft:writable_book":3,"minecraft:iron_bars":227,"minecraft:crimson_fence":4,"minecraft:flint_and_steel":7,"minecraft:smooth_quartz_slab":446,"minecraft:red_concrete":1,"minecraft:spruce_slab":12,"minecraft:polished_blackstone":2,"minecraft:oak_sign":6,"minecraft:black_carpet":36,"minecraft:spruce_planks":280,"minecraft:zombie_spawn_egg":42,"minecraft:wither_skeleton_spawn_egg":38,"minecraft:red_nether_brick_stairs":898,"minecraft:bell":3,"customnpcs:npcwand":30,"minecraft:player_head":1,"minecraft:soul_campfire":1,"minecraft:torch":2,"minecraft:dirt":2227,"minecraft:target":3,"minecraft:red_nether_brick_slab":893,"minecraft:lily_of_the_valley":1,"minecraft:skeleton_spawn_egg":16,"minecraft:white_carpet":44,"minecraft:brick_slab":103,"minecraft:spruce_stairs":171,"minecraft:crimson_hyphae":26,"minecraft:yellow_carpet":49,"minecraft:acacia_sapling":1,"minecraft:jungle_trapdoor":9,"minecraft:azure_bluet":2,"minecraft:stripped_spruce_log":485,"minecraft:shroomlight":50,"minecraft:jungle_sapling":2,"minecraft:netherite_shovel":614,"minecraft:bricks":129,"minecraft:red_tulip":2,"minecraft:quartz_pillar":201,"minecraft:quartz_slab":1,"minecraft:grass_block":3068,"minecraft:lantern":21,"minecraft:blue_orchid":2,"minecraft:birch_sapling":1,"minecraft:polished_andesite_stairs":1,"minecraft:chicken_spawn_egg":71,"minecraft:polished_blackstone_brick_stairs":273,"minecraft:smooth_quartz":6231,"minecraft:prismarine_slab":51,"minecraft:bamboo":1,"minecraft:red_carpet":38,"minecraft:birch_trapdoor":3,"minecraft:basalt":2,"minecraft:glowstone":311,"minecraft:red_nether_brick_wall":16,"minecraft:magma_block":81,"minecraft:bow":164,"minecraft:scaffolding":14,"minecraft:written_book":2,"minecraft:iron_trapdoor":76,"minecraft:netherite_pickaxe":7,"minecraft:gold_block":2,"minecraft:acacia_planks":1,"customnpcs:npcmobcloner":2,"minecraft:enchanted_golden_apple":3,"minecraft:dark_prismarine_stairs":218,"minecraft:stripped_spruce_wood":115,"minecraft:spider_spawn_egg":24,"minecraft:crimson_stem":6,"minecraft:yellow_banner":1,"minecraft:nether_brick_wall":189,"minecraft:sandstone_stairs":4,"minecraft:red_nether_bricks":1576,"minecraft:andesite_slab":1,"customnpcs:npcmovingpath":231,"minecraft:beacon":55,"minecraft:clay":1,"minecraft:polished_blackstone_bricks":30,"minecraft:smooth_quartz_stairs":90,"minecraft:golden_apple":1,"minecraft:rabbit_spawn_egg":21,"minecraft:sand":6,"minecraft:tnt":1522,"minecraft:dark_prismarine_slab":983,"minecraft:black_banner":1,"minecraft:sponge":4,"minecraft:polar_bear_spawn_egg":1,"minecraft:magenta_carpet":30,"minecraft:spruce_log":269,"minecraft:creeper_spawn_egg":12,"minecraft:netherite_block":5175,"minecraft:dark_prismarine":47,"minecraft:oxeye_daisy":46,"minecraft:firework_rocket":11,"minecraft:crying_obsidian":556,"minecraft:light_gray_concrete":52,"minecraft:heavy_weighted_pressure_plate":25,"minecraft:stone_button":2,"minecraft:lectern":1,"minecraft:stone_slab":1,"minecraft:iron_door":23,"minecraft:gravel":3,"minecraft:polished_andesite_slab":4,"minecraft:soul_lantern":1,"minecraft:crimson_sign":14,"minecraft:blue_carpet":62,"minecraft:nether_wart_block":30,"minecraft:crimson_stairs":2,"minecraft:chain":11,"minecraft:smooth_stone_slab":1,"minecraft:mossy_cobblestone_wall":5,"minecraft:polished_blackstone_button":34,"minecraft:end_portal_frame":2,"minecraft:white_concrete":1,"minecraft:smooth_stone":1,"minecraft:bone_meal":23,"minecraft:splash_potion":99,"minecraft:experience_bottle":5},"minecraft:mined":{"minecraft:large_fern":4,"minecraft:light_gray_concrete":2,"minecraft:stone":4,"minecraft:tall_grass":2,"minecraft:grass":1,"minecraft:smooth_quartz":1},"minecraft:picked_up":{"minecraft:azure_bluet":1,"minecraft:chicken":60,"minecraft:potion":2,"minecraft:shield":2,"minecraft:heavy_weighted_pressure_plate":1,"minecraft:jungle_trapdoor":1,"minecraft:cornflower":1,"minecraft:string":92,"minecraft:iron_shovel":1,"minecraft:blue_orchid":1,"minecraft:redstone_torch":1,"minecraft:written_book":1,"minecraft:smooth_quartz":1,"minecraft:jungle_sapling":1,"minecraft:poppy":11,"minecraft:egg":3,"minecraft:phantom_membrane":1,"minecraft:crimson_sign":1,"minecraft:stick":16,"minecraft:quartz_pillar":3,"minecraft:stone_button":8,"minecraft:trident":2,"minecraft:diorite":5,"minecraft:arrow":82,"minecraft:rotten_flesh":46,"minecraft:shears":1,"minecraft:totem_of_undying":1,"minecraft:iron_bars":3,"minecraft:cobblestone":358,"minecraft:oxeye_daisy":14,"minecraft:feather":64,"minecraft:iron_door":1,"minecraft:andesite":43,"minecraft:salmon":1,"minecraft:leather":64,"minecraft:gunpowder":12,"minecraft:dirt":1342,"minecraft:paper":64,"minecraft:bone":41,"minecraft:apple":26,"minecraft:bow":7,"minecraft:wheat_seeds":26,"minecraft:rabbit_hide":6,"minecraft:iron_ingot":1,"minecraft:rabbit":3,"minecraft:bamboo":29,"minecraft:scaffolding":1,"minecraft:sweet_berries":3,"minecraft:dandelion":1,"minecraft:gravel":1,"minecraft:spruce_sapling":27,"minecraft:grass_block":1,"minecraft:spruce_log":10,"minecraft:spider_eye":4,"minecraft:netherite_block":1,"minecraft:light_gray_concrete":4,"minecraft:polished_blackstone_pressure_plate":253,"minecraft:lever":3,"minecraft:writable_book":1,"minecraft:granite":4,"minecraft:emerald":258,"minecraft:oak_sapling":1},"minecraft:killed":{"minecraft:spider":21,"minecraft:phantom":5,"minecraft:skeleton":10,"minecraft:chicken":76,"minecraft:rabbit":22,"minecraft:polar_bear":1,"minecraft:zombie":10},"minecraft:custom":{"minecraft:mob_kills":150,"minecraft:interact_with_anvil":1,"minecraft:open_barrel":4,"minecraft:bell_ring":2,"minecraft:leave_game":8,"minecraft:time_since_death":2105525,"minecraft:climb_one_cm":3730,"minecraft:damage_resisted":43,"minecraft:sprint_one_cm":745585,"minecraft:walk_one_cm":2870913,"minecraft:drop":96,"minecraft:sneak_time":9194,"minecraft:walk_under_water_one_cm":195,"minecraft:interact_with_lectern":7,"minecraft:jump":2618,"minecraft:interact_with_blast_furnace":2,"minecraft:walk_on_water_one_cm":2145,"minecraft:interact_with_cartography_table":5,"minecraft:play_one_minute":2105525,"minecraft:time_since_rest":2105525,"minecraft:damage_taken":418,"minecraft:damage_absorbed":156,"minecraft:damage_dealt":6563,"minecraft:interact_with_beacon":7,"minecraft:fly_one_cm":5074957,"minecraft:open_chest":4,"minecraft:crouch_one_cm":2474,"minecraft:aviate_one_cm":586,"minecraft:fall_one_cm":2295}},"DataVersion":2586}