{"stats":{"minecraft:killed":{"minecraft:sheep":3,"minecraft:zombie":2,"minecraft:pig":4,"minecraft:salmon":2,"minecraft:iron_golem":1},"minecraft:picked_up":{"minecraft:stick":2,"minecraft:crafting_table":3,"minecraft:sweet_berries":15,"minecraft:salmon":2,"minecraft:porkchop":10,"minecraft:brewing_stand":1,"minecraft:white_bed":1,"minecraft:spruce_log":38,"minecraft:rotten_flesh":2,"minecraft:stone_axe":1,"minecraft:wheat_seeds":1,"minecraft:hay_block":23,"minecraft:iron_ingot":3,"minecraft:stone_pickaxe":1,"minecraft:bone_meal":1,"minecraft:emerald":128,"minecraft:poppy":1,"minecraft:glass_bottle":1,"minecraft:sugar_cane":19,"minecraft:mutton":4,"minecraft:coal":17,"minecraft:white_wool":3,"minecraft:cobblestone":105},"minecraft:used":{"minecraft:stone_pickaxe":73,"minecraft:wooden_pickaxe":5,"minecraft:stone_hoe":25,"minecraft:stone_axe":68,"minecraft:salmon":2,"minecraft:potion":4,"minecraft:sweet_berries":15,"minecraft:crafting_table":3,"minecraft:spruce_log":3,"minecraft:bone_meal":1},"minecraft:custom":{"minecraft:time_since_rest":24104,"minecraft:sprint_one_cm":112781,"minecraft:walk_one_cm":94637,"minecraft:damage_taken":572,"minecraft:mob_kills":12,"minecraft:drop":80,"minecraft:damage_dealt":2408,"minecraft:swim_one_cm":22826,"minecraft:interact_with_crafting_table":7,"minecraft:fly_one_cm":101065,"minecraft:player_kills":1,"minecraft:open_chest":3,"minecraft:play_one_minute":41017,"minecraft:crouch_one_cm":935,"minecraft:deaths":1,"minecraft:sneak_time":529,"minecraft:walk_under_water_one_cm":5615,"minecraft:jump":566,"minecraft:walk_on_water_one_cm":4793,"minecraft:time_since_death":24063,"minecraft:fall_one_cm":13511},"minecraft:dropped":{"minecraft:bread":73,"minecraft:poppy":1,"minecraft:stone_axe":1,"minecraft:glass_bottle":4,"minecraft:wooden_pickaxe":1},"minecraft:killed_by":{"minecraft:player":1},"minecraft:crafted":{"minecraft:crafting_table":2,"minecraft:spruce_planks":32,"minecraft:stick":8,"minecraft:wooden_pickaxe":1,"minecraft:stone_pickaxe":1,"minecraft:stone_hoe":1,"minecraft:stone_axe":1,"minecraft:bread":69,"minecraft:wheat":207},"minecraft:mined":{"minecraft:hay_block":23,"minecraft:white_bed":1,"minecraft:sweet_berry_bush":7,"minecraft:spruce_log":31,"minecraft:brewing_stand":1,"minecraft:crafting_table":2,"minecraft:grass":2,"minecraft:coal_ore":17,"minecraft:spruce_leaves":4,"minecraft:stone":58,"minecraft:sugar_cane":10}},"DataVersion":2586}