{"stats":{"minecraft:killed":{"minecraft:zombie":1,"minecraft:salmon":2},"minecraft:picked_up":{"minecraft:crafting_table":1,"minecraft:salmon":2,"minecraft:bone_meal":1,"minecraft:spruce_log":15,"minecraft:sugar_cane":11,"minecraft:cobblestone":53},"minecraft:used":{"minecraft:stone_axe":15,"minecraft:salmon":2,"minecraft:crafting_table":1,"minecraft:stone_pickaxe":48,"minecraft:wooden_pickaxe":5,"minecraft:bone_meal":1},"minecraft:custom":{"minecraft:time_since_rest":104,"minecraft:crouch_one_cm":48,"minecraft:play_one_minute":17017,"minecraft:deaths":1,"minecraft:sprint_one_cm":36291,"minecraft:damage_taken":320,"minecraft:walk_one_cm":42072,"minecraft:sneak_time":99,"minecraft:walk_under_water_one_cm":2271,"minecraft:mob_kills":3,"minecraft:drop":2,"minecraft:jump":138,"minecraft:damage_dealt":498,"minecraft:time_since_death":63,"minecraft:walk_on_water_one_cm":2748,"minecraft:player_kills":1,"minecraft:swim_one_cm":10091,"minecraft:interact_with_crafting_table":5,"minecraft:fall_one_cm":2908,"minecraft:fly_one_cm":28042},"minecraft:dropped":{"minecraft:stone_axe":1,"minecraft:wooden_pickaxe":1},"minecraft:killed_by":{"minecraft:player":1},"minecraft:mined":{"minecraft:spruce_log":15,"minecraft:stone":53,"minecraft:sugar_cane":5,"minecraft:crafting_table":1},"minecraft:crafted":{"minecraft:stone_axe":1,"minecraft:crafting_table":1,"minecraft:spruce_planks":28,"minecraft:stick":8,"minecraft:wooden_pickaxe":1,"minecraft:stone_pickaxe":1}},"DataVersion":2586}