{"stats":{"minecraft:killed":{"minecraft:pig":4,"minecraft:salmon":2,"minecraft:iron_golem":1,"minecraft:sheep":3,"minecraft:skeleton":1,"minecraft:zombie":2},"minecraft:picked_up":{"minecraft:netherite_boots":2,"minecraft:crafting_table":7,"minecraft:iron_trapdoor":4,"minecraft:flower_pot":4,"minecraft:rabbit_stew":1,"minecraft:salmon":2,"minecraft:leather":1,"minecraft:beacon":2,"minecraft:wooden_pickaxe":3,"minecraft:wither_rose":1,"minecraft:potion":6,"minecraft:mushroom_stew":1,"minecraft:chain":9,"minecraft:brewing_stand":2,"minecraft:gunpowder":6,"minecraft:netherite_leggings":2,"minecraft:string":3,"minecraft:dirt":5,"minecraft:white_banner":2,"minecraft:beetroot_soup":1,"minecraft:item_frame":4,"minecraft:bone":7,"minecraft:blue_orchid":2,"minecraft:apple":77,"minecraft:wheat_seeds":1,"minecraft:netherite_sword":4,"minecraft:spruce_planks":11,"minecraft:iron_ingot":3,"minecraft:stone_pickaxe":3,"minecraft:glowstone_dust":18,"minecraft:poppy":2,"minecraft:glass_bottle":13,"minecraft:enchanted_golden_apple":213,"minecraft:sugar_cane":19,"minecraft:stone_hoe":2,"minecraft:stick":7,"minecraft:sweet_berries":34,"minecraft:sand":4,"minecraft:porkchop":12,"minecraft:quartz_pillar":5,"minecraft:cake":1,"minecraft:spruce_sapling":1,"minecraft:cookie":2,"minecraft:ink_sac":2,"minecraft:white_bed":3,"minecraft:spruce_log":38,"minecraft:redstone":1,"minecraft:stone_sword":2,"minecraft:arrow":8,"minecraft:sugar":4,"minecraft:rotten_flesh":11,"minecraft:stone_axe":3,"minecraft:netherite_helmet":2,"minecraft:hay_block":23,"minecraft:bone_meal":1,"minecraft:emerald":256,"minecraft:bread":1,"minecraft:totem_of_undying":5,"minecraft:nether_star":1,"minecraft:netherite_chestplate":3,"minecraft:oak_sapling":2,"minecraft:black_wool":1,"minecraft:mutton":20,"minecraft:iron_bars":36,"minecraft:coal":52,"minecraft:white_wool":3,"minecraft:cobblestone":110},"minecraft:used":{"minecraft:netherite_sword":262,"minecraft:stone_pickaxe":73,"minecraft:wooden_pickaxe":5,"minecraft:spruce_planks":1,"minecraft:beacon":1,"minecraft:stone_hoe":25,"minecraft:cookie":2,"minecraft:salmon":2,"minecraft:dirt":1,"minecraft:crafting_table":3,"minecraft:spruce_log":3,"minecraft:flower_pot":4,"minecraft:bread":1,"minecraft:totem_of_undying":3,"minecraft:stone_axe":70,"minecraft:potion":12,"minecraft:sweet_berries":25,"minecraft:bone_meal":1,"minecraft:enchanted_golden_apple":64},"minecraft:custom":{"minecraft:mob_kills":12,"minecraft:interact_with_crafting_table":7,"minecraft:play_one_minute":82808,"minecraft:leave_game":1,"minecraft:time_since_death":1467,"minecraft:climb_one_cm":1,"minecraft:damage_resisted":4113,"minecraft:time_since_rest":1507,"minecraft:sprint_one_cm":278649,"minecraft:damage_taken":11221,"minecraft:damage_absorbed":8279,"minecraft:walk_one_cm":271683,"minecraft:drop":93,"minecraft:damage_dealt":5153,"minecraft:swim_one_cm":24254,"minecraft:fly_one_cm":271968,"minecraft:player_kills":3,"minecraft:open_chest":3,"minecraft:crouch_one_cm":1132,"minecraft:deaths":11,"minecraft:sneak_time":732,"minecraft:walk_under_water_one_cm":6731,"minecraft:jump":1637,"minecraft:walk_on_water_one_cm":8036,"minecraft:fall_one_cm":26354},"minecraft:dropped":{"minecraft:stone_hoe":1,"minecraft:bread":73,"minecraft:stone_axe":2,"minecraft:stone_sword":1,"minecraft:glass_bottle":7,"minecraft:white_bed":1,"minecraft:emerald":2,"minecraft:poppy":1,"minecraft:potion":3,"minecraft:blue_orchid":1,"minecraft:wooden_pickaxe":1},"minecraft:killed_by":{"minecraft:player":10,"minecraft:creeper":1},"minecraft:broken":{"minecraft:netherite_helmet":2,"minecraft:netherite_leggings":1,"minecraft:netherite_boots":2},"minecraft:crafted":{"minecraft:crafting_table":2,"minecraft:spruce_planks":32,"minecraft:wooden_pickaxe":1,"minecraft:stone_axe":1,"minecraft:bread":69,"minecraft:stick":8,"minecraft:stone_pickaxe":1,"minecraft:stone_hoe":1,"minecraft:wheat":207},"minecraft:mined":{"minecraft:spruce_planks":1,"minecraft:white_bed":1,"minecraft:brewing_stand":1,"minecraft:crafting_table":2,"minecraft:grass_block":2,"minecraft:mushroom_stem":5,"minecraft:tall_grass":2,"minecraft:spruce_leaves":4,"minecraft:sugar_cane":10,"minecraft:hay_block":23,"minecraft:sweet_berry_bush":14,"minecraft:spruce_log":31,"minecraft:grass":8,"minecraft:coal_ore":17,"minecraft:flower_pot":4,"minecraft:stone":58,"minecraft:oak_leaves":8}},"DataVersion":2586}