{"stats":{"minecraft:killed":{"minecraft:zombie":1,"minecraft:pig":4,"minecraft:salmon":2},"minecraft:picked_up":{"minecraft:stick":2,"minecraft:crafting_table":2,"minecraft:sweet_berries":15,"minecraft:salmon":2,"minecraft:porkchop":10,"minecraft:spruce_log":35,"minecraft:stone_axe":1,"minecraft:stone_pickaxe":1,"minecraft:bone_meal":1,"minecraft:sugar_cane":19,"minecraft:coal":17,"minecraft:cobblestone":105},"minecraft:used":{"minecraft:stone_pickaxe":70,"minecraft:wooden_pickaxe":5,"minecraft:stone_axe":46,"minecraft:salmon":2,"minecraft:sweet_berries":7,"minecraft:crafting_table":1,"minecraft:bone_meal":1},"minecraft:custom":{"minecraft:time_since_rest":12104,"minecraft:sprint_one_cm":70333,"minecraft:walk_one_cm":59146,"minecraft:damage_taken":400,"minecraft:mob_kills":7,"minecraft:drop":2,"minecraft:damage_dealt":898,"minecraft:swim_one_cm":18777,"minecraft:interact_with_crafting_table":5,"minecraft:fly_one_cm":57222,"minecraft:player_kills":1,"minecraft:open_chest":2,"minecraft:play_one_minute":29017,"minecraft:crouch_one_cm":809,"minecraft:deaths":1,"minecraft:sneak_time":450,"minecraft:walk_under_water_one_cm":4714,"minecraft:jump":346,"minecraft:walk_on_water_one_cm":4363,"minecraft:time_since_death":12063,"minecraft:fall_one_cm":8327},"minecraft:dropped":{"minecraft:stone_axe":1,"minecraft:wooden_pickaxe":1},"minecraft:killed_by":{"minecraft:player":1},"minecraft:crafted":{"minecraft:crafting_table":1,"minecraft:spruce_planks":28,"minecraft:stick":8,"minecraft:wooden_pickaxe":1,"minecraft:stone_pickaxe":1,"minecraft:stone_axe":1},"minecraft:mined":{"minecraft:sweet_berry_bush":7,"minecraft:spruce_log":28,"minecraft:crafting_table":1,"minecraft:coal_ore":17,"minecraft:spruce_leaves":4,"minecraft:stone":58,"minecraft:sugar_cane":10}},"DataVersion":2586}