{"stats":{"minecraft:killed":{"minecraft:pig":4,"minecraft:salmon":2,"minecraft:iron_golem":1,"minecraft:sheep":3,"minecraft:zombie":2},"minecraft:picked_up":{"minecraft:crafting_table":5,"minecraft:flower_pot":4,"minecraft:salmon":2,"minecraft:rabbit_stew":1,"minecraft:leather":1,"minecraft:wooden_pickaxe":1,"minecraft:potion":3,"minecraft:mushroom_stew":1,"minecraft:chain":1,"minecraft:brewing_stand":2,"minecraft:string":1,"minecraft:dirt":3,"minecraft:white_banner":1,"minecraft:beetroot_soup":1,"minecraft:blue_orchid":1,"minecraft:apple":44,"minecraft:wheat_seeds":1,"minecraft:spruce_planks":11,"minecraft:iron_ingot":3,"minecraft:stone_pickaxe":3,"minecraft:poppy":2,"minecraft:glass_bottle":7,"minecraft:sugar_cane":19,"minecraft:stone_hoe":2,"minecraft:stick":4,"minecraft:sweet_berries":18,"minecraft:porkchop":10,"minecraft:cake":1,"minecraft:cookie":2,"minecraft:ink_sac":2,"minecraft:white_bed":2,"minecraft:spruce_log":38,"minecraft:stone_sword":1,"minecraft:rotten_flesh":4,"minecraft:stone_axe":2,"minecraft:hay_block":23,"minecraft:bone_meal":1,"minecraft:totem_of_undying":1,"minecraft:emerald":192,"minecraft:bread":1,"minecraft:oak_sapling":1,"minecraft:iron_bars":18,"minecraft:mutton":13,"minecraft:coal":18,"minecraft:cobblestone":105,"minecraft:white_wool":3},"minecraft:used":{"minecraft:stone_pickaxe":73,"minecraft:spruce_planks":1,"minecraft:wooden_pickaxe":5,"minecraft:stone_hoe":25,"minecraft:cookie":2,"minecraft:salmon":2,"minecraft:dirt":1,"minecraft:crafting_table":3,"minecraft:spruce_log":3,"minecraft:flower_pot":4,"minecraft:bread":1,"minecraft:totem_of_undying":1,"minecraft:stone_axe":70,"minecraft:potion":7,"minecraft:sweet_berries":19,"minecraft:bone_meal":1},"minecraft:custom":{"minecraft:mob_kills":12,"minecraft:interact_with_crafting_table":7,"minecraft:play_one_minute":59017,"minecraft:time_since_death":2276,"minecraft:time_since_rest":2434,"minecraft:damage_absorbed":80,"minecraft:sprint_one_cm":178143,"minecraft:damage_taken":2224,"minecraft:walk_one_cm":161463,"minecraft:drop":91,"minecraft:damage_dealt":2960,"minecraft:swim_one_cm":22826,"minecraft:fly_one_cm":171332,"minecraft:player_kills":2,"minecraft:open_chest":3,"minecraft:crouch_one_cm":1115,"minecraft:deaths":7,"minecraft:sneak_time":706,"minecraft:walk_under_water_one_cm":5615,"minecraft:jump":883,"minecraft:walk_on_water_one_cm":4793,"minecraft:fall_one_cm":18347},"minecraft:dropped":{"minecraft:stone_hoe":1,"minecraft:bread":73,"minecraft:stone_axe":2,"minecraft:stone_sword":1,"minecraft:glass_bottle":7,"minecraft:white_bed":1,"minecraft:emerald":2,"minecraft:poppy":1,"minecraft:potion":1,"minecraft:blue_orchid":1,"minecraft:wooden_pickaxe":1},"minecraft:killed_by":{"minecraft:player":6,"minecraft:creeper":1},"minecraft:crafted":{"minecraft:crafting_table":2,"minecraft:spruce_planks":32,"minecraft:wooden_pickaxe":1,"minecraft:stone_axe":1,"minecraft:bread":69,"minecraft:stick":8,"minecraft:stone_pickaxe":1,"minecraft:stone_hoe":1,"minecraft:wheat":207},"minecraft:mined":{"minecraft:spruce_planks":1,"minecraft:white_bed":1,"minecraft:brewing_stand":1,"minecraft:crafting_table":2,"minecraft:grass_block":2,"minecraft:mushroom_stem":5,"minecraft:tall_grass":2,"minecraft:spruce_leaves":4,"minecraft:sugar_cane":10,"minecraft:hay_block":23,"minecraft:sweet_berry_bush":9,"minecraft:spruce_log":31,"minecraft:grass":2,"minecraft:coal_ore":17,"minecraft:flower_pot":4,"minecraft:stone":58,"minecraft:oak_leaves":8}},"DataVersion":2586}