{"stats":{"minecraft:mined":{"minecraft:grass_block":93,"minecraft:iron_ore":109,"minecraft:pumpkin":5,"minecraft:blue_orchid":4,"minecraft:clay":8,"minecraft:torch":7,"minecraft:poppy":1,"minecraft:mushroom_stem":6,"minecraft:cobblestone":6,"minecraft:sugar_cane":4,"minecraft:wall_torch":3,"minecraft:wheat":214,"minecraft:grass":71,"minecraft:oak_log":24,"minecraft:beetroots":40,"minecraft:dirt":70,"minecraft:red_mushroom_block":45,"minecraft:oak_leaves":30,"minecraft:dark_oak_leaves":1,"minecraft:lever":4,"minecraft:spruce_fence":12,"minecraft:spruce_leaves":57,"minecraft:large_fern":40,"minecraft:carrots":55,"minecraft:andesite":3,"minecraft:potatoes":75,"minecraft:stone":112,"minecraft:cake":1,"minecraft:dandelion":1,"minecraft:oak_fence":2,"minecraft:crafting_table":1,"minecraft:tall_grass":17,"minecraft:sweet_berry_bush":34,"minecraft:spruce_log":42,"minecraft:birch_leaves":1,"minecraft:grass_path":2,"minecraft:coal_ore":110,"minecraft:gravel":16,"minecraft:spruce_fence_gate":3,"minecraft:fern":18},"minecraft:custom":{"minecraft:animals_bred":5,"minecraft:interact_with_crafting_table":27,"minecraft:open_barrel":1,"minecraft:bell_ring":3,"minecraft:eat_cake_slice":8,"minecraft:leave_game":20,"minecraft:time_since_death":735753,"minecraft:damage_resisted":2079,"minecraft:sprint_one_cm":947695,"minecraft:drop":21,"minecraft:deaths":11,"minecraft:jump":10197,"minecraft:walk_on_water_one_cm":112415,"minecraft:interact_with_furnace":19,"minecraft:interact_with_cartography_table":4,"minecraft:play_one_minute":3581129,"minecraft:sleep_in_bed":14,"minecraft:damage_dealt":21689,"minecraft:crouch_one_cm":1243,"minecraft:mob_kills":181,"minecraft:climb_one_cm":46068,"minecraft:walk_one_cm":6036510,"minecraft:sneak_time":3895,"minecraft:walk_under_water_one_cm":47289,"minecraft:interact_with_lectern":5,"minecraft:pot_flower":10,"minecraft:time_since_rest":687071,"minecraft:damage_taken":17076,"minecraft:damage_absorbed":2191,"minecraft:trigger_trapped_chest":4,"minecraft:swim_one_cm":62225,"minecraft:fly_one_cm":2894332,"minecraft:open_chest":96,"minecraft:fall_one_cm":144058},"minecraft:broken":{"minecraft:stone_pickaxe":2,"minecraft:wooden_sword":1,"minecraft:stone_axe":1,"minecraft:wooden_axe":1,"minecraft:stone_sword":2,"minecraft:wooden_pickaxe":1,"dungeonsmod:king_crown":1},"minecraft:picked_up":{"minecraft:iron_chestplate":1,"minecraft:black_carpet":2,"minecraft:wheat":201,"minecraft:iron_trapdoor":1,"minecraft:string":18,"minecraft:music_disc_cat":1,"minecraft:polished_blackstone_brick_stairs":2,"minecraft:red_nether_bricks":3,"minecraft:iron_leggings":1,"minecraft:beetroot_soup":1,"minecraft:experience_bottle":22,"minecraft:shroomlight":1,"minecraft:beetroot":36,"minecraft:diamond_leggings":1,"minecraft:crimson_fence":2,"minecraft:spruce_planks":1,"minecraft:acacia_fence_gate":1,"minecraft:rose_bush":1,"minecraft:smooth_quartz":46,"minecraft:enchanted_golden_apple":24,"minecraft:smooth_quartz_stairs":5,"minecraft:crimson_sign":14,"minecraft:polished_blackstone_brick_slab":3,"minecraft:stick":32,"minecraft:acacia_fence":2,"minecraft:oak_fence":2,"minecraft:torch":10,"minecraft:porkchop":20,"minecraft:diorite":23,"minecraft:chiseled_nether_bricks":3,"minecraft:stone_sword":1,"minecraft:rotten_flesh":119,"minecraft:tropical_fish":1,"minecraft:netherite_chestplate":1,"minecraft:cobblestone":509,"minecraft:crimson_hyphae":2,"minecraft:feather":21,"minecraft:andesite":38,"minecraft:beacon":2,"minecraft:potato":263,"minecraft:flint":3,"minecraft:lantern":1,"minecraft:dirt":1134,"minecraft:bone":7,"minecraft:acacia_planks":1,"minecraft:bow":8,"minecraft:wheat_seeds":576,"minecraft:bell":4,"minecraft:bamboo":8,"minecraft:diamond_helmet":1,"minecraft:poisonous_potato":1,"minecraft:ink_sac":6,"minecraft:grass_block":1,"minecraft:lily_of_the_valley":1,"minecraft:netherite_block":3,"minecraft:spruce_fence_gate":3,"minecraft:yellow_carpet":1,"minecraft:diamond":2,"minecraft:soul_lantern":1,"minecraft:lever":5,"minecraft:writable_book":1,"minecraft:granite":7,"minecraft:bone_meal":1,"minecraft:bread":112,"minecraft:emerald":20,"minecraft:oak_sapling":3,"minecraft:spruce_leaves":4,"minecraft:crafting_table":1,"minecraft:azure_bluet":3,"minecraft:chicken":27,"minecraft:clay_ball":32,"minecraft:rabbit_stew":1,"minecraft:gold_block":1,"minecraft:chain":1,"minecraft:jungle_trapdoor":1,"minecraft:elytra":1,"minecraft:white_carpet":1,"minecraft:compass":67,"minecraft:polished_blackstone_wall":2,"minecraft:blue_orchid":4,"minecraft:beef":10,"minecraft:poppy":10,"minecraft:spruce_slab":1,"minecraft:sugar_cane":7,"minecraft:phantom_membrane":2,"minecraft:egg":30,"dungeonsmod:potion_straw":9,"minecraft:dark_oak_sapling":2,"dungeonsmod:king_crown":1,"minecraft:red_stained_glass_pane":1,"minecraft:spruce_fence":12,"minecraft:polished_blackstone_bricks":6,"minecraft:quartz_pillar":3,"minecraft:trident":5,"minecraft:carrot":186,"minecraft:redstone":24,"minecraft:red_nether_brick_wall":1,"minecraft:arrow":42,"minecraft:diamond_chestplate":1,"minecraft:beetroot_seeds":104,"minecraft:diamond_boots":1,"minecraft:black_banner":1,"minecraft:totem_of_undying":5,"minecraft:mutton":5,"minecraft:nether_brick_wall":1,"minecraft:white_wool":3,"minecraft:oxeye_daisy":12,"minecraft:stripped_oak_log":1,"minecraft:netherite_boots":1,"minecraft:salmon":11,"minecraft:leather":1,"minecraft:red_mushroom":16,"minecraft:ice":1,"minecraft:mushroom_stew":2,"minecraft:oak_log":31,"minecraft:nether_wart_block":1,"minecraft:gunpowder":7,"minecraft:cooked_mutton":1,"minecraft:red_carpet":1,"minecraft:red_nether_brick_stairs":1,"minecraft:stone_pickaxe":1,"minecraft:iron_ore":109,"minecraft:sweet_berries":84,"minecraft:pumpkin":5,"minecraft:dandelion":4,"minecraft:gravel":21,"minecraft:spruce_sapling":39,"minecraft:spruce_log":103,"minecraft:spider_eye":7,"minecraft:slime_ball":15,"minecraft:stone_axe":1,"minecraft:painting":67,"minecraft:polished_blackstone_brick_wall":1,"minecraft:red_nether_brick_slab":1,"minecraft:coal":117,"minecraft:smooth_quartz_slab":10,"minecraft:ender_pearl":6},"minecraft:killed":{"minecraft:witch":1,"minecraft:spider":17,"dungeonsmod:piranha":1,"minecraft:skeleton":11,"minecraft:fox":4,"minecraft:chicken":24,"dungeonsmod:pitcher":2,"customnpcs:customnpc":2,"minecraft:piglin":1,"minecraft:pig":12,"minecraft:zombie_villager":1,"minecraft:salmon":10,"minecraft:creeper":4,"minecraft:sheep":3,"minecraft:pillager":2,"minecraft:zombie":38,"dungeonsmod:guard":3,"minecraft:cow":5,"minecraft:slime":21,"minecraft:phantom":5,"dungeonsmod:whirlwind":2,"minecraft:enderman":1},"minecraft:used":{"minecraft:beetroot":1,"minecraft:peony":19,"minecraft:writable_book":1,"minecraft:iron_shovel":38,"minecraft:spruce_slab":13,"minecraft:ladder":10,"minecraft:black_carpet":221,"minecraft:chest":10,"minecraft:stone":20,"minecraft:iron_sword":237,"minecraft:red_nether_brick_stairs":632,"minecraft:bell":9,"customnpcs:npcwand":9,"minecraft:rotten_flesh":9,"minecraft:spruce_leaves":1,"minecraft:lily_of_the_valley":7,"minecraft:nether_bricks":42,"minecraft:carrot":64,"minecraft:allium":5,"minecraft:azure_bluet":47,"minecraft:obsidian":3,"dungeonsmod:winterhunter_egg":8,"minecraft:lantern":66,"minecraft:grass_block":3568,"minecraft:blue_orchid":20,"minecraft:birch_sapling":8,"minecraft:polished_andesite_stairs":2,"minecraft:polished_blackstone_brick_wall":145,"minecraft:dark_oak_slab":142,"minecraft:stone_brick_stairs":5,"minecraft:slime_spawn_egg":2,"minecraft:rabbit_stew":2,"minecraft:red_stained_glass_pane":15,"minecraft:red_carpet":19,"minecraft:redstone_lamp":1,"minecraft:red_nether_brick_wall":45,"minecraft:bow":1160,"minecraft:written_book":1,"minecraft:sweet_berries":120,"minecraft:jungle_button":2,"minecraft:oak_sapling":11,"minecraft:furnace":4,"minecraft:beetroot_seeds":45,"minecraft:acacia_fence":135,"minecraft:gold_block":10,"minecraft:egg":1,"minecraft:potato":81,"minecraft:polished_blackstone_stairs":4,"minecraft:dark_oak_stairs":12,"minecraft:spruce_door":2,"minecraft:oak_planks":662,"minecraft:stone_pickaxe":268,"minecraft:red_stained_glass":21,"dungeonsmod:charge_launcher":398,"minecraft:acacia_trapdoor":10,"minecraft:dark_oak_sign":3,"minecraft:blackstone_stairs":1,"minecraft:prismarine_stairs":4,"minecraft:orange_tulip":5,"minecraft:ender_pearl":3,"minecraft:wooden_pickaxe":59,"customnpcs:npcmovingpath":26,"minecraft:composter":63,"minecraft:oak_leaves":2,"minecraft:dark_oak_trapdoor":44,"minecraft:purpur_stairs":4,"minecraft:mushroom_stew":2,"minecraft:black_banner":5,"minecraft:acacia_leaves":59,"minecraft:stone_brick_wall":7,"minecraft:black_bed":3,"minecraft:lever":12,"minecraft:black_concrete":29,"minecraft:crying_obsidian":3313,"minecraft:acacia_door":2,"minecraft:dark_oak_log":1,"minecraft:light_gray_concrete":2,"minecraft:bread":10,"minecraft:barrier":1,"minecraft:stone_button":7,"minecraft:iron_door":8,"minecraft:gravel":11,"minecraft:polished_andesite_slab":1,"minecraft:soul_lantern":2,"minecraft:nether_wart_block":20,"minecraft:wooden_sword":73,"minecraft:crimson_door":2,"minecraft:dark_oak_fence":109,"minecraft:andesite":1,"minecraft:piglin_spawn_egg":1,"minecraft:chain":143,"minecraft:compass":1,"minecraft:bone_meal":193,"minecraft:oak_fence":21,"minecraft:trident":252,"minecraft:netherite_sword":351,"minecraft:rose_bush":4,"minecraft:polished_blackstone_brick_slab":227,"minecraft:iron_bars":1,"minecraft:stone_sword":288,"minecraft:acacia_log":1,"minecraft:crimson_fence":16,"minecraft:flint_and_steel":5,"minecraft:spruce_planks":224,"minecraft:polished_blackstone_wall":143,"minecraft:cooked_chicken":2,"minecraft:oak_door":8,"minecraft:torch":44,"minecraft:end_stone_brick_wall":4,"minecraft:dirt":2179,"minecraft:red_nether_brick_slab":400,"minecraft:white_carpet":211,"minecraft:spruce_stairs":16,"minecraft:crimson_hyphae":112,"minecraft:stone_stairs":1,"minecraft:nether_brick_slab":98,"minecraft:warped_door":2,"minecraft:yellow_carpet":42,"minecraft:pink_carpet":1,"minecraft:jungle_trapdoor":37,"minecraft:spruce_fence":80,"minecraft:nether_brick_stairs":17,"minecraft:shroomlight":12,"minecraft:fern":5,"minecraft:birch_door":2,"minecraft:wooden_axe":70,"minecraft:red_tulip":10,"minecraft:iron_axe":69,"minecraft:oak_stairs":98,"minecraft:smooth_sandstone":1,"minecraft:polished_blackstone_brick_stairs":1217,"minecraft:smooth_quartz":68,"minecraft:totem_of_undying":5,"minecraft:barrel":36,"minecraft:bamboo":67,"minecraft:trapped_chest":1,"minecraft:stone_pressure_plate":2,"minecraft:cooked_beef":3,"minecraft:acacia_planks":342,"minecraft:enchanted_golden_apple":22,"minecraft:beetroot_soup":1,"minecraft:wheat_seeds":199,"minecraft:cooked_mutton":5,"minecraft:water_bucket":28,"minecraft:nether_brick_wall":1870,"minecraft:pink_tulip":6,"minecraft:cobblestone_stairs":1,"minecraft:red_nether_bricks":811,"minecraft:baked_potato":7,"minecraft:beacon":1,"minecraft:chiseled_nether_bricks":2039,"minecraft:spruce_fence_gate":4,"minecraft:polished_blackstone_bricks":1589,"minecraft:gilded_blackstone":3,"minecraft:tnt":254,"minecraft:crafting_table":6,"minecraft:crimson_trapdoor":2,"minecraft:red_bed":5,"minecraft:painting":460,"minecraft:magenta_carpet":1,"minecraft:cake":2,"minecraft:spruce_log":20,"minecraft:dark_oak_door":10,"minecraft:nether_gold_ore":1,"minecraft:oak_log":16,"minecraft:oxeye_daisy":5,"minecraft:netherite_block":4440,"minecraft:flower_pot":19,"minecraft:acacia_stairs":37,"minecraft:cornflower":9,"minecraft:warped_trapdoor":2,"minecraft:sunflower":8,"minecraft:chicken":1,"minecraft:iron_pickaxe":45,"minecraft:pig_spawn_egg":3,"minecraft:map":1,"minecraft:spruce_trapdoor":21,"minecraft:spruce_sapling":23,"minecraft:stone_axe":71,"minecraft:acacia_fence_gate":5,"minecraft:crimson_sign":54,"minecraft:blue_carpet":26,"minecraft:cobblestone":14,"minecraft:potion":18,"minecraft:crimson_stairs":1,"minecraft:porkchop":7,"minecraft:cooked_porkchop":11,"minecraft:jungle_door":2,"minecraft:pumpkin_pie":2,"minecraft:purple_carpet":22,"minecraft:dandelion":1,"minecraft:smooth_stone":85},"minecraft:dropped":{"minecraft:emerald":10,"minecraft:dirt":1,"minecraft:redstone_lamp":1,"minecraft:compass":65,"minecraft:lever":3,"minecraft:netherite_sword":1,"minecraft:soul_lantern":1,"minecraft:spruce_slab":1,"minecraft:red_nether_bricks":1,"minecraft:written_book":1,"minecraft:bread":6,"minecraft:spectral_arrow":104,"minecraft:grass_block":1,"minecraft:bowl":2,"minecraft:experience_bottle":11,"minecraft:netherite_block":1},"minecraft:killed_by":{"minecraft:zombie":1,"minecraft:player":2,"minecraft:spider":1,"customnpcs:customnpc":2,"dungeonsmod:winterhunter":1},"minecraft:crafted":{"minecraft:oak_planks":48,"minecraft:cooked_chicken":2,"minecraft:cooked_mutton":5,"minecraft:bow":1,"minecraft:oak_fence":9,"minecraft:cooked_porkchop":11,"minecraft:crafting_table":1,"minecraft:spruce_planks":140,"minecraft:wooden_pickaxe":1,"minecraft:baked_potato":53,"minecraft:iron_chestplate":2,"minecraft:stick":128,"minecraft:iron_ingot":108,"minecraft:iron_pickaxe":1,"minecraft:stone_sword":2,"minecraft:spruce_fence_gate":2,"minecraft:wooden_sword":1,"minecraft:furnace":1,"minecraft:spruce_fence":69,"minecraft:iron_axe":3,"minecraft:stone_pickaxe":4,"minecraft:cooked_beef":8,"minecraft:sugar":4,"minecraft:iron_sword":2,"minecraft:bucket":1,"minecraft:stone_axe":1,"minecraft:bread":66,"minecraft:wooden_axe":2,"minecraft:iron_shovel":1,"minecraft:iron_leggings":2,"minecraft:pumpkin_pie":4,"minecraft:torch":32}},"DataVersion":2586}