{"stats":{"minecraft:dropped":{"minecraft:netherite_block":1,"minecraft:red_nether_bricks":1},"minecraft:custom":{"minecraft:time_since_rest":745190,"minecraft:sprint_one_cm":2784,"minecraft:walk_one_cm":959589,"minecraft:mob_kills":1,"minecraft:drop":2,"minecraft:damage_dealt":320,"minecraft:fly_one_cm":752549,"minecraft:crouch_one_cm":18,"minecraft:play_one_minute":745190,"minecraft:sneak_time":7,"minecraft:walk_under_water_one_cm":2302,"minecraft:jump":1617,"minecraft:leave_game":1,"minecraft:walk_on_water_one_cm":2419,"minecraft:time_since_death":745190},"minecraft:used":{"minecraft:shroomlight":12,"minecraft:netherite_block":3215,"minecraft:polished_blackstone_brick_slab":183,"minecraft:nether_brick_wall":1503,"minecraft:crimson_fence":16,"minecraft:crying_obsidian":2434,"minecraft:flint_and_steel":2,"minecraft:grass_block":1496,"minecraft:blackstone_stairs":1,"minecraft:red_nether_bricks":731,"minecraft:spruce_planks":224,"minecraft:polished_blackstone_brick_stairs":1070,"minecraft:red_nether_brick_stairs":256,"minecraft:bell":9,"minecraft:crimson_sign":54,"minecraft:polished_blackstone_bricks":59,"minecraft:bamboo":67,"minecraft:red_carpet":5,"minecraft:torch":6,"minecraft:nether_wart_block":20,"minecraft:dirt":1128,"minecraft:red_nether_brick_slab":173,"minecraft:tnt":180,"minecraft:crimson_stairs":1,"minecraft:black_banner":5,"minecraft:crimson_hyphae":112,"minecraft:gold_block":10,"minecraft:yellow_carpet":42,"minecraft:jungle_trapdoor":32,"minecraft:nether_brick_stairs":1,"minecraft:polished_blackstone_stairs":4},"minecraft:picked_up":{"minecraft:crimson_hyphae":2,"minecraft:polished_blackstone_brick_slab":1,"minecraft:stick":18,"minecraft:andesite":34,"minecraft:dandelion":1,"minecraft:gravel":7,"minecraft:gold_block":1,"minecraft:flint":1,"minecraft:polished_blackstone_bricks":3,"minecraft:oak_log":4,"minecraft:spruce_sapling":24,"minecraft:nether_wart_block":1,"minecraft:diorite":23,"minecraft:spruce_log":61,"minecraft:polished_blackstone_brick_stairs":1,"minecraft:jungle_trapdoor":1,"minecraft:dirt":921,"minecraft:netherite_block":2,"minecraft:red_nether_bricks":2,"minecraft:yellow_carpet":1,"minecraft:red_carpet":1,"minecraft:shroomlight":1,"minecraft:rotten_flesh":2,"minecraft:wheat_seeds":19,"minecraft:crimson_fence":2,"minecraft:bell":4,"minecraft:spruce_planks":1,"minecraft:granite":7,"minecraft:black_banner":1,"minecraft:poppy":7,"minecraft:red_nether_brick_slab":1,"minecraft:bamboo":8,"minecraft:nether_brick_wall":1,"minecraft:coal":7,"minecraft:crimson_sign":14,"minecraft:cobblestone":392,"minecraft:oxeye_daisy":12}},"DataVersion":2586}