{"stats":{"minecraft:picked_up":{"minecraft:crimson_hyphae":2,"minecraft:andesite":34,"minecraft:gold_block":1,"minecraft:flint":1,"minecraft:oak_log":4,"minecraft:chain":1,"minecraft:nether_wart_block":1,"minecraft:polished_blackstone_brick_stairs":2,"minecraft:jungle_trapdoor":1,"minecraft:dirt":921,"minecraft:red_nether_bricks":3,"minecraft:red_carpet":1,"minecraft:shroomlight":1,"minecraft:red_nether_brick_stairs":1,"minecraft:acacia_planks":1,"minecraft:wheat_seeds":19,"minecraft:crimson_fence":2,"minecraft:bell":4,"minecraft:spruce_planks":1,"minecraft:acacia_fence_gate":1,"minecraft:poppy":7,"minecraft:bamboo":8,"minecraft:crimson_sign":14,"minecraft:polished_blackstone_brick_slab":2,"minecraft:stick":18,"minecraft:acacia_fence":1,"minecraft:red_stained_glass_pane":1,"minecraft:dandelion":1,"minecraft:gravel":7,"minecraft:polished_blackstone_bricks":3,"minecraft:spruce_sapling":24,"minecraft:diorite":23,"minecraft:spruce_log":61,"minecraft:red_nether_brick_wall":1,"minecraft:chiseled_nether_bricks":1,"minecraft:netherite_block":2,"minecraft:yellow_carpet":1,"minecraft:rotten_flesh":2,"minecraft:granite":7,"minecraft:polished_blackstone_brick_wall":1,"minecraft:black_banner":1,"minecraft:red_nether_brick_slab":1,"minecraft:nether_brick_wall":1,"minecraft:coal":7,"minecraft:cobblestone":392,"minecraft:oxeye_daisy":12},"minecraft:custom":{"minecraft:mob_kills":1,"minecraft:play_one_minute":920964,"minecraft:leave_game":5,"minecraft:time_since_death":920964,"minecraft:time_since_rest":920964,"minecraft:sprint_one_cm":3829,"minecraft:walk_one_cm":1061826,"minecraft:trigger_trapped_chest":1,"minecraft:drop":2,"minecraft:damage_dealt":320,"minecraft:fly_one_cm":918513,"minecraft:crouch_one_cm":50,"minecraft:sneak_time":38,"minecraft:walk_under_water_one_cm":2424,"minecraft:jump":1823,"minecraft:walk_on_water_one_cm":2478,"minecraft:fall_one_cm":269},"minecraft:dropped":{"minecraft:netherite_block":1,"minecraft:red_nether_bricks":1},"minecraft:used":{"minecraft:polished_blackstone_brick_slab":206,"minecraft:nether_brick_wall":1503,"minecraft:crimson_fence":16,"minecraft:flint_and_steel":2,"minecraft:red_stained_glass":21,"minecraft:blackstone_stairs":1,"minecraft:red_nether_bricks":809,"minecraft:black_carpet":1,"minecraft:spruce_planks":224,"minecraft:red_nether_brick_stairs":285,"minecraft:bell":9,"minecraft:chiseled_nether_bricks":792,"minecraft:polished_blackstone_bricks":1261,"minecraft:gilded_blackstone":3,"minecraft:torch":6,"minecraft:dirt":1128,"minecraft:red_nether_brick_slab":173,"minecraft:tnt":180,"minecraft:black_banner":5,"minecraft:crimson_hyphae":112,"minecraft:yellow_carpet":42,"minecraft:magenta_carpet":1,"minecraft:pink_carpet":1,"minecraft:jungle_trapdoor":32,"minecraft:nether_brick_stairs":1,"minecraft:nether_gold_ore":1,"minecraft:shroomlight":12,"minecraft:netherite_block":3215,"minecraft:crying_obsidian":2823,"minecraft:grass_block":1496,"minecraft:barrier":1,"minecraft:polished_blackstone_brick_wall":126,"minecraft:polished_blackstone_brick_stairs":1092,"minecraft:crimson_sign":54,"minecraft:acacia_fence_gate":5,"minecraft:bamboo":67,"minecraft:nether_wart_block":20,"minecraft:red_stained_glass_pane":14,"minecraft:red_carpet":6,"minecraft:red_nether_brick_wall":44,"minecraft:crimson_stairs":1,"minecraft:acacia_fence":48,"minecraft:chain":28,"minecraft:gold_block":10,"minecraft:acacia_planks":342,"minecraft:polished_blackstone_stairs":4}},"DataVersion":2586}