{"stats":{"minecraft:custom":{"minecraft:interact_with_crafting_table":5,"minecraft:open_barrel":74,"minecraft:open_shulker_box":40,"minecraft:bell_ring":23,"minecraft:leave_game":134,"minecraft:time_since_death":3444173,"minecraft:sprint_one_cm":697849,"minecraft:drop":40,"minecraft:talked_to_villager":2,"minecraft:jump":3906,"minecraft:interact_with_brewingstand":11,"minecraft:walk_on_water_one_cm":7278,"minecraft:play_record":7,"minecraft:interact_with_cartography_table":14,"minecraft:play_one_minute":3444173,"minecraft:interact_with_loom":47,"minecraft:sleep_in_bed":14,"minecraft:damage_dealt":620,"minecraft:interact_with_beacon":26,"minecraft:crouch_one_cm":46457,"minecraft:interact_with_smoker":15,"minecraft:use_cauldron":2,"minecraft:interact_with_smithing_table":2,"minecraft:inspect_dropper":19,"minecraft:interact_with_anvil":50,"minecraft:mob_kills":3,"minecraft:inspect_hopper":7,"minecraft:fill_cauldron":7,"minecraft:climb_one_cm":29358,"minecraft:walk_one_cm":12185564,"minecraft:sneak_time":60638,"minecraft:walk_under_water_one_cm":466,"minecraft:interact_with_lectern":58,"minecraft:interact_with_blast_furnace":76,"minecraft:pot_flower":48,"minecraft:interact_with_grindstone":4,"minecraft:time_since_rest":437976,"minecraft:damage_taken":20,"minecraft:fly_one_cm":4929996,"minecraft:open_chest":38,"minecraft:fall_one_cm":1320},"minecraft:used":{"minecraft:light_blue_banner":2,"minecraft:nether_brick_fence":4,"minecraft:light_blue_stained_glass_pane":5,"minecraft:jack_o_lantern":1,"minecraft:writable_book":85,"minecraft:red_sand":46,"minecraft:iron_shovel":47,"minecraft:light_gray_stained_glass_pane":312,"minecraft:smooth_quartz_slab":2140,"minecraft:bone_block":3,"minecraft:spruce_slab":23,"minecraft:dispenser":9,"minecraft:polished_blackstone":14,"minecraft:ladder":72,"minecraft:oak_sign":119,"minecraft:black_carpet":1,"minecraft:polished_basalt":3,"minecraft:white_concrete_powder":29,"minecraft:green_banner":14,"minecraft:chest":8,"minecraft:white_terracotta":133,"minecraft:stone":15,"minecraft:white_shulker_box":28,"minecraft:grass":34,"minecraft:warped_sign":7,"minecraft:quartz_stairs":124,"minecraft:bell":30,"minecraft:smooth_sandstone_stairs":12,"minecraft:green_terracotta":25,"minecraft:spruce_leaves":12,"minecraft:debug_stick":299,"minecraft:birch_pressure_plate":2,"minecraft:brick_slab":115,"minecraft:jungle_planks":19,"minecraft:carrot":4,"minecraft:jungle_slab":84,"minecraft:acacia_button":23,"minecraft:beehive":202,"minecraft:azure_bluet":1,"minecraft:polished_blackstone_slab":7,"minecraft:glass":13,"minecraft:crimson_button":1,"minecraft:cyan_terracotta":5,"minecraft:bricks":2828,"minecraft:quartz_pillar":318,"minecraft:quartz_slab":214,"minecraft:black_stained_glass_pane":9,"minecraft:lantern":69,"minecraft:grass_block":792,"minecraft:blue_orchid":1,"minecraft:polished_andesite_stairs":630,"minecraft:quartz_block":254,"minecraft:polished_blackstone_brick_wall":21,"minecraft:dark_oak_leaves":12,"minecraft:light_blue_bed":2,"minecraft:dark_oak_slab":15,"minecraft:gray_concrete_powder":1,"minecraft:dark_oak_button":2,"minecraft:music_disc_wait":1,"minecraft:stone_bricks":7,"minecraft:stone_brick_stairs":12,"minecraft:blue_banner":1,"minecraft:item_frame":283,"minecraft:birch_button":31,"minecraft:birch_trapdoor":184,"minecraft:repeater":51,"minecraft:red_carpet":20,"minecraft:redstone_lamp":9,"minecraft:magma_block":1,"minecraft:brown_carpet":60,"minecraft:scaffolding":274,"minecraft:written_book":5,"minecraft:sweet_berries":9,"minecraft:jungle_button":1,"minecraft:beetroot_seeds":4,"minecraft:skeleton_skull":5,"minecraft:gray_banner":33,"minecraft:potato":4,"minecraft:polished_blackstone_stairs":24,"minecraft:large_fern":8,"minecraft:chiseled_polished_blackstone":67,"minecraft:dark_oak_stairs":4,"minecraft:damaged_anvil":1,"minecraft:end_rod":99,"minecraft:brick_wall":689,"minecraft:spruce_door":1,"minecraft:dropper":6,"minecraft:wither_skeleton_skull":1,"minecraft:red_stained_glass":1,"minecraft:birch_leaves":27,"minecraft:gray_carpet":21,"minecraft:acacia_trapdoor":28,"minecraft:dark_oak_sign":33,"minecraft:blackstone_stairs":6,"minecraft:blackstone":2,"minecraft:sandstone":47,"minecraft:composter":59,"minecraft:redstone_block":57,"minecraft:oak_leaves":437,"minecraft:smooth_quartz_stairs":227,"minecraft:white_wool":9,"minecraft:respawn_anchor":1,"minecraft:dark_oak_trapdoor":462,"minecraft:loom":46,"minecraft:black_banner":4,"minecraft:blast_furnace":256,"minecraft:light_gray_terracotta":4,"minecraft:blue_ice":1,"minecraft:yellow_concrete":1,"minecraft:acacia_leaves":44,"minecraft:dead_bubble_coral":2,"minecraft:chiseled_quartz_block":15,"minecraft:blackstone_wall":15,"minecraft:gray_concrete":106,"minecraft:black_concrete_powder":4,"minecraft:redstone_torch":31,"minecraft:sticky_piston":20,"minecraft:lever":70,"minecraft:green_concrete":25,"minecraft:black_concrete":1,"minecraft:daylight_detector":10,"minecraft:chiseled_sandstone":2,"minecraft:gray_shulker_box":5,"minecraft:gray_stained_glass_pane":35,"minecraft:birch_slab":20,"minecraft:light_gray_concrete":1378,"minecraft:heavy_weighted_pressure_plate":21,"minecraft:string":4,"minecraft:barrier":257,"minecraft:stone_button":65,"minecraft:lectern":77,"minecraft:polished_granite":27,"minecraft:oak_pressure_plate":13,"minecraft:iron_door":73,"minecraft:lilac":5,"minecraft:polished_andesite_slab":2265,"minecraft:soul_lantern":4,"minecraft:jungle_sign":31,"minecraft:diamond_sword":10,"minecraft:coal_block":12,"minecraft:dead_horn_coral_fan":5,"minecraft:stripped_oak_wood":74,"minecraft:grindstone":39,"minecraft:smithing_table":10,"minecraft:white_stained_glass":37,"minecraft:chain":165,"minecraft:ice":1,"minecraft:smooth_stone_slab":211,"minecraft:chest_minecart":9,"minecraft:white_concrete":110,"minecraft:warped_button":2,"minecraft:bone_meal":127,"minecraft:cobweb":17,"minecraft:gray_stained_glass":2,"minecraft:oak_fence":36,"minecraft:oak_trapdoor":196,"minecraft:petrified_oak_slab":12,"minecraft:iron_bars":929,"minecraft:jungle_leaves":23,"minecraft:rose_bush":7,"minecraft:enchanting_table":1,"minecraft:flint_and_steel":5,"minecraft:redstone_ore":1,"minecraft:armor_stand":19,"minecraft:red_concrete":2,"minecraft:stone_shovel":24,"minecraft:redstone":153,"minecraft:light_gray_carpet":8,"minecraft:spruce_planks":14,"minecraft:ender_chest":1,"minecraft:wooden_shovel":6,"minecraft:polished_blackstone_wall":90,"minecraft:structure_block":55,"minecraft:sandstone_wall":3,"minecraft:stone_hoe":24,"minecraft:dried_kelp_block":19,"minecraft:oak_door":52,"minecraft:orange_bed":1,"minecraft:light_gray_shulker_box":8,"minecraft:brewing_stand":17,"minecraft:dirt":3,"minecraft:anvil":53,"minecraft:white_carpet":13,"minecraft:hopper":32,"minecraft:prismarine_bricks":19,"minecraft:spruce_stairs":36,"minecraft:jungle_trapdoor":99,"minecraft:polished_granite_slab":3,"minecraft:spruce_fence":19,"minecraft:dead_brain_coral_block":1,"minecraft:light_blue_stained_glass":4,"minecraft:oak_fence_gate":101,"minecraft:polished_diorite":2,"minecraft:fern":15,"minecraft:birch_door":44,"minecraft:andesite_wall":25,"minecraft:purple_banner":3,"minecraft:dark_oak_planks":10,"minecraft:sea_lantern":20,"minecraft:light_gray_stained_glass":6,"minecraft:bookshelf":276,"minecraft:iron_axe":6,"minecraft:iron_block":29,"minecraft:light_weighted_pressure_plate":1,"minecraft:oak_stairs":347,"minecraft:brick_stairs":427,"minecraft:smooth_sandstone":11,"minecraft:polished_blackstone_brick_stairs":2,"minecraft:smooth_quartz":9394,"minecraft:barrel":66,"minecraft:bamboo":1,"minecraft:tripwire_hook":72,"minecraft:tall_grass":6,"minecraft:iron_trapdoor":519,"minecraft:white_stained_glass_pane":1016,"minecraft:podzol":1,"minecraft:minecart":5,"minecraft:cyan_banner":17,"minecraft:stone_pressure_plate":6,"minecraft:granite_wall":1,"minecraft:turtle_egg":96,"minecraft:observer":10,"minecraft:orange_terracotta":1,"minecraft:pumpkin":1,"minecraft:brown_bed":3,"minecraft:quartz_bricks":79,"minecraft:wheat_seeds":4,"minecraft:water_bucket":47,"minecraft:sandstone_stairs":1,"minecraft:lodestone":134,"minecraft:polished_andesite":370,"minecraft:red_nether_bricks":4,"minecraft:cartography_table":37,"minecraft:smooth_sandstone_slab":4,"minecraft:black_shulker_box":4,"minecraft:cut_sandstone":3,"minecraft:spruce_sign":1,"minecraft:cauldron":116,"minecraft:beacon":197,"minecraft:green_bed":16,"minecraft:chiseled_nether_bricks":1,"minecraft:cobblestone_slab":12,"minecraft:conduit":8,"minecraft:polished_blackstone_bricks":1,"minecraft:lime_terracotta":3,"minecraft:light_gray_banner":62,"minecraft:rail":15,"minecraft:comparator":12,"minecraft:oak_slab":195,"minecraft:crafting_table":7,"minecraft:red_bed":4,"minecraft:birch_sign":6,"minecraft:brown_banner":10,"minecraft:white_bed":10,"minecraft:campfire":98,"minecraft:light_gray_concrete_powder":12,"minecraft:dark_oak_fence_gate":2,"minecraft:painting":129,"minecraft:infested_stone_bricks":1,"minecraft:cake":1,"minecraft:smoker":25,"minecraft:mushroom_stem":202,"minecraft:music_disc_strad":4,"minecraft:dark_oak_door":1,"minecraft:oak_log":7,"minecraft:dark_prismarine":4,"minecraft:piston":43,"minecraft:netherite_block":38,"minecraft:flower_pot":75,"minecraft:black_wool":18,"minecraft:oxeye_daisy":3,"minecraft:diamond_shovel":7,"minecraft:acacia_sign":1,"minecraft:dead_fire_coral":1,"minecraft:command_block":72,"minecraft:cracked_polished_blackstone_bricks":3,"minecraft:oak_button":7,"minecraft:spruce_pressure_plate":2,"minecraft:detector_rail":5,"minecraft:jungle_stairs":57,"minecraft:stone_slab":1,"minecraft:spruce_trapdoor":9,"minecraft:spruce_sapling":9,"minecraft:music_disc_blocks":2,"minecraft:acacia_fence_gate":2,"minecraft:crimson_sign":15,"minecraft:green_carpet":4,"minecraft:chiseled_stone_bricks":2,"minecraft:cyan_stained_glass_pane":2,"minecraft:white_banner":99,"minecraft:jungle_door":9,"minecraft:red_banner":7,"minecraft:bucket":20,"minecraft:glass_pane":26,"minecraft:polished_blackstone_button":15,"minecraft:sea_pickle":49,"minecraft:stripped_oak_log":106,"minecraft:jukebox":29,"minecraft:smooth_stone":82,"minecraft:birch_stairs":70},"minecraft:mined":{"minecraft:warped_wall_sign":2,"minecraft:crimson_wall_sign":1,"minecraft:jungle_wall_sign":3},"minecraft:killed":{"minecraft:trader_llama":2,"minecraft:wandering_trader":1},"minecraft:crafted":{"minecraft:shield":1,"minecraft:leather_helmet":4},"minecraft:dropped":{"minecraft:stone_button":1,"minecraft:beehive":1,"minecraft:warped_sign":9,"minecraft:written_book":2,"minecraft:cobweb":1,"minecraft:crimson_sign":24,"minecraft:redstone":2},"minecraft:picked_up":{"minecraft:music_disc_strad":4,"minecraft:lead":2,"minecraft:potion":1,"minecraft:birch_button":4,"minecraft:string":7,"minecraft:oak_sign":8,"minecraft:light_weighted_pressure_plate":277,"minecraft:redstone_torch":1,"minecraft:written_book":2,"minecraft:smooth_quartz":1,"minecraft:crimson_sign":25,"minecraft:beehive":1,"minecraft:stick":8,"minecraft:music_disc_blocks":2,"minecraft:green_bed":2,"minecraft:light_gray_banner":2,"minecraft:brown_carpet":1,"minecraft:green_banner":1,"minecraft:music_disc_wait":1,"minecraft:repeater":1,"minecraft:iron_door":6,"minecraft:potato":11,"minecraft:dirt":2,"minecraft:lantern":1,"minecraft:wheat_seeds":147,"minecraft:bell":1,"minecraft:bamboo":11,"minecraft:barrel":1,"minecraft:polished_blackstone_pressure_plate":4,"minecraft:lever":8,"minecraft:writable_book":7,"minecraft:bone_meal":11,"minecraft:oak_sapling":1,"minecraft:lingering_potion":2,"minecraft:azure_bluet":4,"minecraft:ladder":5,"minecraft:acacia_button":2,"minecraft:iron_axe":1,"minecraft:item_frame":9,"minecraft:iron_shovel":2,"minecraft:poppy":2,"minecraft:stone_button":10,"minecraft:carrot":5,"minecraft:redstone":7,"minecraft:jungle_sign":95,"minecraft:shears":3,"minecraft:warped_sign":11,"minecraft:rail":3,"minecraft:tripwire_hook":2,"minecraft:leather":2,"minecraft:paper":9,"minecraft:white_banner":15,"minecraft:gray_carpet":2,"minecraft:cobweb":1,"minecraft:scaffolding":30,"minecraft:sweet_berries":7,"minecraft:spruce_sapling":3,"minecraft:white_concrete_powder":1,"minecraft:painting":7,"minecraft:birch_sign":1,"minecraft:brown_banner":1}},"DataVersion":2586}