{"stats":{"minecraft:custom":{"minecraft:time_since_rest":31952,"minecraft:play_one_minute":31952,"minecraft:crouch_one_cm":1728,"minecraft:sprint_one_cm":23088,"minecraft:damage_taken":100,"minecraft:walk_one_cm":22845,"minecraft:sneak_time":3469,"minecraft:walk_under_water_one_cm":16082,"minecraft:mob_kills":1,"minecraft:jump":255,"minecraft:damage_dealt":99,"minecraft:leave_game":6,"minecraft:time_since_death":31952,"minecraft:walk_on_water_one_cm":11958,"minecraft:swim_one_cm":968,"minecraft:fall_one_cm":3713,"minecraft:fly_one_cm":531122},"minecraft:picked_up":{"minecraft:ink_sac":3},"minecraft:used":{"minecraft:diamond_sword":8,"minecraft:glowstone":52,"minecraft:dirt":411,"minecraft:grass_block":283,"minecraft:red_nether_bricks":1,"minecraft:grass_path":76},"minecraft:killed":{"minecraft:squid":1}},"DataVersion":2586}