{"stats":{"minecraft:custom":{"minecraft:time_since_rest":55952,"minecraft:play_one_minute":55952,"minecraft:crouch_one_cm":2620,"minecraft:sprint_one_cm":25143,"minecraft:damage_taken":100,"minecraft:walk_one_cm":41110,"minecraft:sneak_time":4488,"minecraft:walk_under_water_one_cm":16624,"minecraft:mob_kills":1,"minecraft:jump":283,"minecraft:damage_dealt":99,"minecraft:leave_game":6,"minecraft:time_since_death":55952,"minecraft:walk_on_water_one_cm":13395,"minecraft:swim_one_cm":968,"minecraft:fall_one_cm":3713,"minecraft:fly_one_cm":663277},"minecraft:mined":{"minecraft:structure_void":1},"minecraft:picked_up":{"minecraft:ink_sac":3},"minecraft:used":{"minecraft:water_bucket":4,"minecraft:diamond_sword":8,"minecraft:glowstone":52,"minecraft:dirt":478,"minecraft:lantern":4,"minecraft:stripped_oak_wood":47,"minecraft:grass_block":369,"minecraft:spruce_slab":19,"minecraft:spruce_stairs":71,"minecraft:chain":5,"minecraft:red_nether_bricks":1,"minecraft:polished_blackstone_brick_wall":5,"minecraft:grass_path":76,"minecraft:spruce_planks":39,"minecraft:dark_oak_leaves":10,"minecraft:spruce_trapdoor":43,"minecraft:spruce_fence":4,"minecraft:spruce_sign":17,"minecraft:bell":2},"minecraft:killed":{"minecraft:squid":1}},"DataVersion":2586}