{"stats":{"minecraft:killed":{"minecraft:spider":1,"minecraft:sheep":4,"minecraft:zombie":1},"minecraft:picked_up":{"minecraft:netherite_boots":1,"minecraft:crafting_table":10,"minecraft:repeater":1,"minecraft:rabbit_stew":1,"minecraft:leather":1,"minecraft:wooden_pickaxe":7,"minecraft:potion":4,"minecraft:mushroom_stew":1,"minecraft:chain":34,"minecraft:brewing_stand":1,"minecraft:netherite_leggings":2,"minecraft:dirt":76,"minecraft:string":3,"minecraft:white_banner":3,"minecraft:beetroot_soup":1,"minecraft:bone":17,"minecraft:blue_orchid":3,"minecraft:apple":121,"minecraft:wheat_seeds":3,"minecraft:netherite_sword":4,"minecraft:spruce_planks":54,"minecraft:stone_pickaxe":2,"minecraft:poppy":1,"minecraft:glass_bottle":23,"minecraft:enchanted_golden_apple":239,"minecraft:stone_hoe":2,"minecraft:stick":14,"minecraft:sweet_berries":69,"minecraft:spruce_sapling":6,"minecraft:cake":1,"minecraft:cookie":2,"minecraft:ink_sac":4,"minecraft:white_bed":6,"minecraft:spruce_log":6,"minecraft:spider_eye":2,"minecraft:sugar":3,"minecraft:rotten_flesh":1,"minecraft:stone_sword":3,"minecraft:arrow":18,"minecraft:netherite_helmet":1,"minecraft:stone_axe":3,"minecraft:pumpkin_pie":1,"minecraft:totem_of_undying":6,"minecraft:emerald":81,"minecraft:bread":55,"minecraft:netherite_chestplate":2,"minecraft:oak_sapling":2,"minecraft:black_wool":4,"minecraft:mutton":28,"minecraft:coal":120,"minecraft:iron_bars":67,"minecraft:white_wool":3,"minecraft:cobblestone":145},"minecraft:used":{"minecraft:netherite_sword":636,"minecraft:stone_sword":36,"minecraft:dropper":2,"minecraft:redstone":7,"minecraft:dispenser":9,"minecraft:stone_pickaxe":34,"minecraft:spruce_planks":10,"minecraft:chest":1,"minecraft:wooden_pickaxe":18,"minecraft:redstone_block":1,"minecraft:torch":4,"minecraft:dirt":66,"minecraft:comparator":3,"minecraft:crafting_table":5,"minecraft:apple":11,"minecraft:bread":1,"minecraft:totem_of_undying":3,"minecraft:repeater":1,"minecraft:stone_axe":19,"minecraft:cobblestone":57,"minecraft:sweet_berries":33,"minecraft:enchanted_golden_apple":39},"minecraft:custom":{"minecraft:inspect_dropper":2,"minecraft:mob_kills":7,"minecraft:interact_with_crafting_table":8,"minecraft:play_one_minute":74885,"minecraft:leave_game":4,"minecraft:time_since_death":28776,"minecraft:damage_resisted":1781,"minecraft:climb_one_cm":292,"minecraft:time_since_rest":28804,"minecraft:sprint_one_cm":251063,"minecraft:damage_absorbed":4653,"minecraft:damage_taken":3650,"minecraft:walk_one_cm":182692,"minecraft:drop":27,"minecraft:damage_dealt":10252,"minecraft:swim_one_cm":2236,"minecraft:fly_one_cm":507301,"minecraft:player_kills":8,"minecraft:open_chest":4,"minecraft:crouch_one_cm":8780,"minecraft:deaths":2,"minecraft:sneak_time":3207,"minecraft:walk_under_water_one_cm":3159,"minecraft:jump":2364,"minecraft:interact_with_brewingstand":1,"minecraft:walk_on_water_one_cm":7185,"minecraft:fall_one_cm":48393,"minecraft:inspect_dispenser":3},"minecraft:dropped":{"minecraft:bread":1,"minecraft:cookie":2,"minecraft:apple":33,"minecraft:leather":1,"minecraft:coal":1,"minecraft:mushroom_stew":1,"minecraft:stick":2,"minecraft:emerald":1,"minecraft:poppy":1,"minecraft:brewing_stand":1,"minecraft:ink_sac":2,"minecraft:spruce_planks":12,"minecraft:mutton":2,"minecraft:cake":1,"minecraft:potion":2,"minecraft:chain":1,"minecraft:iron_bars":27,"minecraft:rabbit_stew":1,"minecraft:white_banner":1,"minecraft:stone_pickaxe":2,"minecraft:beetroot_soup":1},"minecraft:killed_by":{"minecraft:player":2},"minecraft:broken":{"minecraft:netherite_helmet":1},"minecraft:mined":{"minecraft:crafting_table":4,"minecraft:grass_block":4,"minecraft:poppy":1,"minecraft:white_stained_glass_pane":2,"minecraft:tall_grass":7,"minecraft:spruce_leaves":2,"minecraft:large_fern":1,"minecraft:sweet_berry_bush":20,"minecraft:spruce_log":6,"minecraft:grass":21,"minecraft:coal_ore":17,"minecraft:dirt":13,"minecraft:stone":20},"minecraft:crafted":{"minecraft:crafting_table":2,"minecraft:spruce_planks":24,"minecraft:wooden_pickaxe":1,"minecraft:stone_axe":1,"minecraft:stick":8,"minecraft:stone_pickaxe":1,"minecraft:stone_sword":1,"minecraft:chest":1,"minecraft:white_bed":1,"minecraft:torch":4}},"DataVersion":2586}