{"stats":{"minecraft:picked_up":{"minecraft:ink_sac":3},"minecraft:custom":{"minecraft:time_since_rest":113448,"minecraft:crouch_one_cm":4734,"minecraft:play_one_minute":113448,"minecraft:sprint_one_cm":63750,"minecraft:damage_taken":100,"minecraft:walk_one_cm":74181,"minecraft:sneak_time":6160,"minecraft:walk_under_water_one_cm":29299,"minecraft:mob_kills":1,"minecraft:jump":820,"minecraft:damage_dealt":99,"minecraft:leave_game":8,"minecraft:walk_on_water_one_cm":14963,"minecraft:time_since_death":113448,"minecraft:swim_one_cm":968,"minecraft:fall_one_cm":3713,"minecraft:fly_one_cm":1173945},"minecraft:mined":{"minecraft:structure_void":1},"minecraft:killed":{"minecraft:squid":1},"minecraft:used":{"minecraft:water_bucket":4,"minecraft:glowstone":59,"minecraft:diamond_sword":8,"minecraft:dirt":483,"minecraft:command_block":2,"minecraft:grass_block":405,"minecraft:lantern":5,"minecraft:stripped_oak_wood":55,"minecraft:spruce_slab":27,"minecraft:spruce_stairs":71,"minecraft:barrier":1,"minecraft:chain":5,"minecraft:red_nether_bricks":1,"minecraft:polished_blackstone_brick_wall":5,"minecraft:grass_path":82,"minecraft:spruce_planks":50,"minecraft:dark_oak_leaves":10,"minecraft:spruce_trapdoor":43,"minecraft:spruce_fence":4,"minecraft:spruce_sign":17,"minecraft:bone_meal":50,"minecraft:bell":2}},"DataVersion":2586}