{"stats":{"minecraft:custom":{"minecraft:time_since_rest":43952,"minecraft:play_one_minute":43952,"minecraft:crouch_one_cm":2315,"minecraft:sprint_one_cm":25143,"minecraft:damage_taken":100,"minecraft:walk_one_cm":34637,"minecraft:sneak_time":4018,"minecraft:walk_under_water_one_cm":16082,"minecraft:mob_kills":1,"minecraft:jump":274,"minecraft:damage_dealt":99,"minecraft:leave_game":6,"minecraft:time_since_death":43952,"minecraft:walk_on_water_one_cm":11962,"minecraft:swim_one_cm":968,"minecraft:fall_one_cm":3713,"minecraft:fly_one_cm":592889},"minecraft:picked_up":{"minecraft:ink_sac":3},"minecraft:used":{"minecraft:diamond_sword":8,"minecraft:glowstone":52,"minecraft:dirt":477,"minecraft:stripped_oak_wood":40,"minecraft:grass_block":353,"minecraft:spruce_stairs":7,"minecraft:red_nether_bricks":1,"minecraft:grass_path":76,"minecraft:spruce_planks":34,"minecraft:spruce_trapdoor":11},"minecraft:killed":{"minecraft:squid":1}},"DataVersion":2586}