{"stats":{"minecraft:killed":{"minecraft:sheep":4,"minecraft:zombie":1},"minecraft:picked_up":{"minecraft:stick":2,"minecraft:crafting_table":4,"minecraft:sweet_berries":35,"minecraft:wooden_pickaxe":1,"minecraft:spruce_sapling":2,"minecraft:ink_sac":2,"minecraft:spruce_log":6,"minecraft:dirt":22,"minecraft:spruce_planks":29,"minecraft:black_wool":1,"minecraft:mutton":5,"minecraft:coal":17,"minecraft:white_wool":3,"minecraft:cobblestone":20},"minecraft:used":{"minecraft:stone_sword":6,"minecraft:stone_pickaxe":34,"minecraft:chest":1,"minecraft:wooden_pickaxe":18,"minecraft:stone_axe":19,"minecraft:torch":4,"minecraft:dirt":21,"minecraft:cobblestone":2,"minecraft:sweet_berries":18,"minecraft:crafting_table":5},"minecraft:custom":{"minecraft:time_since_rest":12041,"minecraft:sprint_one_cm":84608,"minecraft:damage_taken":398,"minecraft:walk_one_cm":70847,"minecraft:mob_kills":5,"minecraft:drop":3,"minecraft:damage_dealt":563,"minecraft:swim_one_cm":834,"minecraft:interact_with_crafting_table":8,"minecraft:fly_one_cm":162944,"minecraft:open_chest":4,"minecraft:play_one_minute":29245,"minecraft:crouch_one_cm":5653,"minecraft:deaths":1,"minecraft:sneak_time":2114,"minecraft:walk_under_water_one_cm":986,"minecraft:jump":746,"minecraft:interact_with_brewingstand":1,"minecraft:walk_on_water_one_cm":4059,"minecraft:leave_game":3,"minecraft:time_since_death":12008,"minecraft:fall_one_cm":21406},"minecraft:dropped":{"minecraft:spruce_planks":12,"minecraft:stick":2},"minecraft:killed_by":{"minecraft:player":1},"minecraft:crafted":{"minecraft:crafting_table":2,"minecraft:spruce_planks":24,"minecraft:stick":8,"minecraft:wooden_pickaxe":1,"minecraft:stone_pickaxe":1,"minecraft:stone_sword":1,"minecraft:chest":1,"minecraft:white_bed":1,"minecraft:torch":4,"minecraft:stone_axe":1},"minecraft:mined":{"minecraft:large_fern":1,"minecraft:sweet_berry_bush":14,"minecraft:spruce_log":6,"minecraft:crafting_table":4,"minecraft:grass":5,"minecraft:grass_block":4,"minecraft:coal_ore":17,"minecraft:dirt":13,"minecraft:spruce_leaves":1,"minecraft:stone":20}},"DataVersion":2586}