{"stats":{"minecraft:custom":{"minecraft:time_since_rest":79952,"minecraft:play_one_minute":79952,"minecraft:crouch_one_cm":3219,"minecraft:sprint_one_cm":27937,"minecraft:damage_taken":100,"minecraft:walk_one_cm":48449,"minecraft:sneak_time":4851,"minecraft:walk_under_water_one_cm":22510,"minecraft:mob_kills":1,"minecraft:jump":325,"minecraft:damage_dealt":99,"minecraft:leave_game":6,"minecraft:time_since_death":79952,"minecraft:walk_on_water_one_cm":14650,"minecraft:swim_one_cm":968,"minecraft:fall_one_cm":3713,"minecraft:fly_one_cm":722778},"minecraft:mined":{"minecraft:structure_void":1},"minecraft:picked_up":{"minecraft:ink_sac":3},"minecraft:used":{"minecraft:water_bucket":4,"minecraft:diamond_sword":8,"minecraft:glowstone":52,"minecraft:dirt":478,"minecraft:command_block":1,"minecraft:lantern":5,"minecraft:stripped_oak_wood":54,"minecraft:grass_block":404,"minecraft:spruce_slab":25,"minecraft:spruce_stairs":71,"minecraft:barrier":1,"minecraft:chain":5,"minecraft:red_nether_bricks":1,"minecraft:polished_blackstone_brick_wall":5,"minecraft:grass_path":76,"minecraft:spruce_planks":50,"minecraft:dark_oak_leaves":10,"minecraft:spruce_trapdoor":43,"minecraft:spruce_fence":4,"minecraft:spruce_sign":17,"minecraft:bell":2},"minecraft:killed":{"minecraft:squid":1}},"DataVersion":2586}