{"stats":{"minecraft:killed":{"minecraft:spider":1,"minecraft:sheep":4,"minecraft:zombie":1},"minecraft:picked_up":{"minecraft:netherite_boots":1,"minecraft:crafting_table":10,"minecraft:rabbit_stew":1,"minecraft:leather":1,"minecraft:wooden_pickaxe":7,"minecraft:potion":4,"minecraft:mushroom_stew":1,"minecraft:chain":34,"minecraft:brewing_stand":1,"minecraft:netherite_leggings":2,"minecraft:dirt":27,"minecraft:string":3,"minecraft:white_banner":3,"minecraft:beetroot_soup":1,"minecraft:bone":6,"minecraft:blue_orchid":3,"minecraft:apple":121,"minecraft:netherite_sword":4,"minecraft:spruce_planks":54,"minecraft:stone_pickaxe":2,"minecraft:poppy":1,"minecraft:glass_bottle":20,"minecraft:enchanted_golden_apple":229,"minecraft:stone_hoe":2,"minecraft:stick":6,"minecraft:sweet_berries":64,"minecraft:spruce_sapling":5,"minecraft:cake":1,"minecraft:cookie":2,"minecraft:ink_sac":4,"minecraft:white_bed":6,"minecraft:spruce_log":6,"minecraft:rotten_flesh":1,"minecraft:stone_sword":3,"minecraft:arrow":6,"minecraft:netherite_helmet":1,"minecraft:stone_axe":3,"minecraft:pumpkin_pie":1,"minecraft:totem_of_undying":6,"minecraft:emerald":81,"minecraft:bread":55,"minecraft:netherite_chestplate":2,"minecraft:oak_sapling":2,"minecraft:black_wool":4,"minecraft:mutton":28,"minecraft:coal":120,"minecraft:iron_bars":63,"minecraft:white_wool":3,"minecraft:cobblestone":145},"minecraft:used":{"minecraft:netherite_sword":383,"minecraft:stone_sword":36,"minecraft:stone_pickaxe":34,"minecraft:spruce_planks":10,"minecraft:chest":1,"minecraft:wooden_pickaxe":18,"minecraft:torch":4,"minecraft:dirt":21,"minecraft:crafting_table":5,"minecraft:apple":11,"minecraft:bread":1,"minecraft:totem_of_undying":3,"minecraft:stone_axe":19,"minecraft:cobblestone":57,"minecraft:sweet_berries":33,"minecraft:enchanted_golden_apple":23},"minecraft:custom":{"minecraft:mob_kills":6,"minecraft:interact_with_crafting_table":8,"minecraft:play_one_minute":56198,"minecraft:leave_game":4,"minecraft:time_since_death":10089,"minecraft:damage_resisted":1106,"minecraft:climb_one_cm":292,"minecraft:time_since_rest":10117,"minecraft:sprint_one_cm":200996,"minecraft:damage_absorbed":2821,"minecraft:damage_taken":2758,"minecraft:walk_one_cm":149559,"minecraft:drop":25,"minecraft:damage_dealt":5942,"minecraft:swim_one_cm":834,"minecraft:fly_one_cm":313898,"minecraft:player_kills":6,"minecraft:open_chest":4,"minecraft:crouch_one_cm":7660,"minecraft:deaths":2,"minecraft:sneak_time":2614,"minecraft:walk_under_water_one_cm":986,"minecraft:jump":1727,"minecraft:interact_with_brewingstand":1,"minecraft:walk_on_water_one_cm":4059,"minecraft:fall_one_cm":36239},"minecraft:dropped":{"minecraft:bread":1,"minecraft:cookie":2,"minecraft:leather":1,"minecraft:coal":1,"minecraft:mushroom_stew":1,"minecraft:stick":2,"minecraft:emerald":1,"minecraft:poppy":1,"minecraft:brewing_stand":1,"minecraft:ink_sac":2,"minecraft:spruce_planks":12,"minecraft:mutton":2,"minecraft:cake":1,"minecraft:potion":2,"minecraft:chain":1,"minecraft:rabbit_stew":1,"minecraft:white_banner":1,"minecraft:stone_pickaxe":2,"minecraft:beetroot_soup":1},"minecraft:killed_by":{"minecraft:player":2},"minecraft:mined":{"minecraft:crafting_table":4,"minecraft:grass_block":4,"minecraft:poppy":1,"minecraft:white_stained_glass_pane":2,"minecraft:spruce_leaves":1,"minecraft:large_fern":1,"minecraft:sweet_berry_bush":16,"minecraft:spruce_log":6,"minecraft:grass":7,"minecraft:coal_ore":17,"minecraft:dirt":13,"minecraft:stone":20},"minecraft:crafted":{"minecraft:crafting_table":2,"minecraft:spruce_planks":24,"minecraft:wooden_pickaxe":1,"minecraft:stone_axe":1,"minecraft:stick":8,"minecraft:stone_pickaxe":1,"minecraft:stone_sword":1,"minecraft:chest":1,"minecraft:white_bed":1,"minecraft:torch":4}},"DataVersion":2586}