{"stats":{"minecraft:custom":{"minecraft:jump":243,"minecraft:time_since_rest":19952,"minecraft:crouch_one_cm":1573,"minecraft:play_one_minute":19952,"minecraft:walk_on_water_one_cm":1607,"minecraft:leave_game":6,"minecraft:sprint_one_cm":23088,"minecraft:damage_taken":100,"minecraft:time_since_death":19952,"minecraft:walk_one_cm":19598,"minecraft:sneak_time":2375,"minecraft:walk_under_water_one_cm":88,"minecraft:swim_one_cm":968,"minecraft:fall_one_cm":3713,"minecraft:fly_one_cm":443368},"minecraft:used":{"minecraft:red_nether_bricks":1,"minecraft:grass_path":75,"minecraft:glowstone":51,"minecraft:dirt":13,"minecraft:grass_block":90}},"DataVersion":2586}