{"stats":{"minecraft:killed":{"minecraft:spider":1,"minecraft:sheep":4,"minecraft:zombie":1},"minecraft:picked_up":{"minecraft:crafting_table":8,"minecraft:rabbit_stew":1,"minecraft:leather":1,"minecraft:wooden_pickaxe":5,"minecraft:potion":2,"minecraft:mushroom_stew":1,"minecraft:chain":17,"minecraft:brewing_stand":1,"minecraft:dirt":25,"minecraft:string":2,"minecraft:white_banner":2,"minecraft:beetroot_soup":1,"minecraft:bone":3,"minecraft:blue_orchid":2,"minecraft:apple":88,"minecraft:netherite_sword":1,"minecraft:spruce_planks":54,"minecraft:stone_pickaxe":2,"minecraft:poppy":1,"minecraft:glass_bottle":10,"minecraft:enchanted_golden_apple":15,"minecraft:stone_hoe":2,"minecraft:stick":4,"minecraft:sweet_berries":59,"minecraft:spruce_sapling":4,"minecraft:cake":1,"minecraft:cookie":2,"minecraft:ink_sac":4,"minecraft:white_bed":5,"minecraft:spruce_log":6,"minecraft:rotten_flesh":1,"minecraft:stone_sword":2,"minecraft:arrow":3,"minecraft:stone_axe":2,"minecraft:pumpkin_pie":1,"minecraft:totem_of_undying":4,"minecraft:emerald":81,"minecraft:bread":55,"minecraft:oak_sapling":1,"minecraft:black_wool":3,"minecraft:mutton":21,"minecraft:coal":86,"minecraft:iron_bars":36,"minecraft:white_wool":3,"minecraft:cobblestone":140},"minecraft:used":{"minecraft:netherite_sword":7,"minecraft:stone_sword":36,"minecraft:stone_pickaxe":34,"minecraft:spruce_planks":10,"minecraft:chest":1,"minecraft:wooden_pickaxe":18,"minecraft:torch":4,"minecraft:dirt":21,"minecraft:crafting_table":5,"minecraft:apple":11,"minecraft:bread":1,"minecraft:stone_axe":19,"minecraft:cobblestone":57,"minecraft:sweet_berries":33,"minecraft:enchanted_golden_apple":1},"minecraft:custom":{"minecraft:mob_kills":6,"minecraft:interact_with_crafting_table":8,"minecraft:play_one_minute":44198,"minecraft:leave_game":4,"minecraft:time_since_death":26961,"minecraft:climb_one_cm":292,"minecraft:time_since_rest":26994,"minecraft:sprint_one_cm":157653,"minecraft:damage_taken":839,"minecraft:walk_one_cm":108232,"minecraft:drop":24,"minecraft:damage_dealt":1789,"minecraft:swim_one_cm":834,"minecraft:fly_one_cm":272623,"minecraft:player_kills":5,"minecraft:open_chest":4,"minecraft:crouch_one_cm":7424,"minecraft:deaths":1,"minecraft:sneak_time":2526,"minecraft:walk_under_water_one_cm":986,"minecraft:jump":1217,"minecraft:interact_with_brewingstand":1,"minecraft:walk_on_water_one_cm":4059,"minecraft:fall_one_cm":32880},"minecraft:dropped":{"minecraft:bread":1,"minecraft:cookie":2,"minecraft:leather":1,"minecraft:coal":1,"minecraft:mushroom_stew":1,"minecraft:stick":2,"minecraft:emerald":1,"minecraft:poppy":1,"minecraft:brewing_stand":1,"minecraft:ink_sac":2,"minecraft:spruce_planks":12,"minecraft:mutton":2,"minecraft:cake":1,"minecraft:potion":2,"minecraft:chain":1,"minecraft:rabbit_stew":1,"minecraft:stone_pickaxe":2,"minecraft:beetroot_soup":1},"minecraft:killed_by":{"minecraft:player":1},"minecraft:mined":{"minecraft:crafting_table":4,"minecraft:grass_block":4,"minecraft:poppy":1,"minecraft:white_stained_glass_pane":2,"minecraft:spruce_leaves":1,"minecraft:large_fern":1,"minecraft:sweet_berry_bush":16,"minecraft:spruce_log":6,"minecraft:grass":7,"minecraft:coal_ore":17,"minecraft:dirt":13,"minecraft:stone":20},"minecraft:crafted":{"minecraft:crafting_table":2,"minecraft:spruce_planks":24,"minecraft:wooden_pickaxe":1,"minecraft:stone_axe":1,"minecraft:stick":8,"minecraft:stone_pickaxe":1,"minecraft:stone_sword":1,"minecraft:chest":1,"minecraft:white_bed":1,"minecraft:torch":4}},"DataVersion":2586}