{"stats":{"minecraft:killed":{"minecraft:zombie":1},"minecraft:picked_up":{"minecraft:stick":2,"minecraft:crafting_table":3,"minecraft:wooden_pickaxe":1,"minecraft:spruce_sapling":1,"minecraft:spruce_log":6,"minecraft:dirt":20,"minecraft:spruce_planks":12,"minecraft:cobblestone":12},"minecraft:used":{"minecraft:stone_pickaxe":8,"minecraft:chest":1,"minecraft:wooden_pickaxe":18,"minecraft:stone_axe":5,"minecraft:dirt":1,"minecraft:crafting_table":4},"minecraft:custom":{"minecraft:time_since_rest":542,"minecraft:sprint_one_cm":36965,"minecraft:damage_taken":318,"minecraft:walk_one_cm":58377,"minecraft:mob_kills":1,"minecraft:drop":1,"minecraft:damage_dealt":243,"minecraft:interact_with_crafting_table":6,"minecraft:fly_one_cm":48916,"minecraft:open_chest":1,"minecraft:play_one_minute":17746,"minecraft:crouch_one_cm":3671,"minecraft:deaths":1,"minecraft:sneak_time":1197,"minecraft:walk_under_water_one_cm":821,"minecraft:jump":257,"minecraft:interact_with_brewingstand":1,"minecraft:walk_on_water_one_cm":2610,"minecraft:leave_game":2,"minecraft:time_since_death":509,"minecraft:fall_one_cm":4205},"minecraft:dropped":{"minecraft:spruce_planks":12},"minecraft:killed_by":{"minecraft:player":1},"minecraft:crafted":{"minecraft:crafting_table":1,"minecraft:spruce_planks":24,"minecraft:stick":8,"minecraft:wooden_pickaxe":1,"minecraft:stone_pickaxe":1,"minecraft:stone_sword":1,"minecraft:chest":1,"minecraft:stone_axe":1},"minecraft:mined":{"minecraft:spruce_log":6,"minecraft:crafting_table":3,"minecraft:grass_block":3,"minecraft:dirt":12,"minecraft:spruce_leaves":1,"minecraft:stone":11}},"DataVersion":2586}