{"stats":{"minecraft:custom":{"minecraft:jump":176,"minecraft:time_since_rest":7952,"minecraft:crouch_one_cm":71,"minecraft:play_one_minute":7952,"minecraft:walk_on_water_one_cm":229,"minecraft:leave_game":6,"minecraft:sprint_one_cm":21125,"minecraft:damage_taken":20,"minecraft:time_since_death":7952,"minecraft:walk_one_cm":5840,"minecraft:sneak_time":362,"minecraft:walk_under_water_one_cm":88,"minecraft:swim_one_cm":968,"minecraft:fall_one_cm":2632,"minecraft:fly_one_cm":182839}},"DataVersion":2586}