{
    "CompleterNpc": "mio",
    "NextQuestId": -1,
    "RandomReward": 1b,
    "QuestRepeat": 0,
    "QuestCompletion": 0,
    "IgnoreNBT": 0b,
    "Title": "1",
    "Text": "",
    "QuestFactionPoints": {
        "DecreaseFaction1Points": 0b,
        "OptionFaction2Points": 100,
        "OptionFactions1": -1,
        "OptionFactions2": -1,
        "OptionFaction1Points": 100,
        "DecreaseFaction2Points": 0b
    },
    "RewardExp": 0,
    "QuestCommand": "",
    "ModRev": 18,
    "Type": 0,
    "QuestMail": {
        "Sender": "",
        "BeenRead": 0b,
        "Message": {
        },
        "MailItems": [
        ],
        "MailQuest": -1,
        "TimePast": 1728103005877L,
        "Time": 0L,
        "Subject": ""
    },
    "IgnoreDamage": 0b,
    "Rewards": {
        "NpcMiscInv": [
            {
                "Slot": 2b,
                "id": "minecraft:arrow",
                "Count": 2b
            },
            {
                "Slot": 3b,
                "id": "minecraft:bow",
                "Count": 1b,
                "tag": {
                    "Damage": 0
                }
            },
            {
                "Slot": 7b,
                "id": "minecraft:arrow",
                "Count": 13b
            }
        ]
    },
    "Items": {
        "NpcMiscInv": [
            {
                "Slot": 0b,
                "id": "minecraft:apple",
                "Count": 1b
            },
            {
                "Slot": 1b,
                "id": "minecraft:baked_potato",
                "Count": 7b
            },
            {
                "Slot": 2b,
                "ForgeCaps": {
                    "customnpcs:itemscripteddata": {
                    }
                },
                "id": "minecraft:cooked_rabbit",
                "Count": 4b
            }
        ]
    },
    "LeaveItems": 0b,
    "CompleteText": "muchas gracias @p pensare en ti con mucho cariño"
}
