{
  "minecraft:recipes/decorations/polished_blackstone_brick_wall_from_polished_blackstone_bricks_stonecutting": {
    "criteria": {
      "has_polished_blackstone_bricks": "2024-09-25 17:16:58 +0000"
    },
    "done": true
  },
  "minecraft:recipes/building_blocks/polished_blackstone_brick_stairs": {
    "criteria": {
      "has_polished_blackstone_bricks": "2024-09-25 17:16:58 +0000"
    },
    "done": true
  },
  "adventure:rooftop_escape": {
    "criteria": {
      "Enter main building": "2024-09-25 16:34:46 +0000"
    },
    "done": true
  },
  "minecraft:recipes/building_blocks/cracked_polished_blackstone_bricks": {
    "criteria": {
      "has_blackstone_bricks": "2024-09-25 17:16:58 +0000"
    },
    "done": true
  },
  "minecraft:recipes/decorations/polished_blackstone_brick_wall": {
    "criteria": {
      "has_polished_blackstone_bricks": "2024-09-25 17:16:58 +0000"
    },
    "done": true
  },
  "minecraft:recipes/food/cake": {
    "criteria": {
      "has_egg": "2024-09-25 16:34:45 +0000"
    },
    "done": true
  },
  "minecraft:recipes/building_blocks/polished_blackstone_brick_slab": {
    "criteria": {
      "has_polished_blackstone_bricks": "2024-09-25 17:16:58 +0000"
    },
    "done": true
  },
  "minecraft:recipes/building_blocks/polished_blackstone_brick_slab_from_polished_blackstone_bricks_stonecutting": {
    "criteria": {
      "has_polished_blackstone_bricks": "2024-09-25 17:16:58 +0000"
    },
    "done": true
  },
  "minecraft:adventure/adventuring_time": {
    "criteria": {
      "minecraft:mountains": "2024-09-25 16:26:09 +0000",
      "minecraft:taiga": "2024-09-25 16:37:04 +0000",
      "minecraft:taiga_hills": "2024-09-25 16:26:43 +0000",
      "minecraft:river": "2024-09-25 16:26:08 +0000",
      "minecraft:plains": "2024-09-25 16:24:25 +0000"
    },
    "done": false
  },
  "adventure:restart_fire_alarm_system": {
    "criteria": {
      "Fire alarm online": "2024-09-25 16:34:44 +0000"
    },
    "done": true
  },
  "minecraft:recipes/building_blocks/polished_blackstone_brick_stairs_from_polished_blackstone_bricks_stonecutting": {
    "criteria": {
      "has_polished_blackstone_bricks": "2024-09-25 17:16:58 +0000"
    },
    "done": true
  },
  "DataVersion": 2586
}