{
    "CompleterNpc": "Kleidias",
    "NextQuestId": -1,
    "RandomReward": 0b,
    "QuestRepeat": 1,
    "QuestCompletion": 0,
    "IgnoreNBT": 0b,
    "Title": "1",
    "Text": "",
    "QuestFactionPoints": {
        "DecreaseFaction1Points": 0b,
        "OptionFaction2Points": 100,
        "OptionFactions1": -1,
        "OptionFactions2": -1,
        "OptionFaction1Points": 100,
        "DecreaseFaction2Points": 0b
    },
    "RewardExp": 0,
    "QuestCommand": "",
    "ModRev": 18,
    "Type": 0,
    "QuestMail": {
        "Sender": "",
        "BeenRead": 0b,
        "Message": {
        },
        "MailItems": [
        ],
        "MailQuest": -1,
        "TimePast": 1728165862026L,
        "Time": 0L,
        "Subject": ""
    },
    "IgnoreDamage": 0b,
    "Rewards": {
        "NpcMiscInv": [
            {
                "Slot": 6b,
                "id": "minecraft:book",
                "Count": 3b
            },
            {
                "Slot": 8b,
                "id": "minecraft:apple",
                "Count": 5b
            }
        ]
    },
    "Items": {
        "NpcMiscInv": [
            {
                "Slot": 0b,
                "id": "minecraft:string",
                "Count": 3b
            },
            {
                "Slot": 1b,
                "id": "minecraft:baked_potato",
                "Count": 3b
            }
        ]
    },
    "LeaveItems": 0b,
    "CompleteText": "muchas gracias @p sigue con tus estudios seras el meyor tienes mi apoyo "
}
