{
    "CompleterNpc": "Iwatabuchi Masaku",
    "NextQuestId": -1,
    "RandomReward": 0b,
    "QuestRepeat": 1,
    "QuestCompletion": 0,
    "IgnoreNBT": 0b,
    "Title": "1",
    "Text": "",
    "QuestFactionPoints": {
        "DecreaseFaction1Points": 0b,
        "OptionFaction2Points": 100,
        "OptionFactions1": -1,
        "OptionFactions2": -1,
        "OptionFaction1Points": 100,
        "DecreaseFaction2Points": 0b
    },
    "RewardExp": 0,
    "QuestCommand": "",
    "ModRev": 18,
    "Type": 0,
    "QuestMail": {
        "Sender": "",
        "BeenRead": 0b,
        "Message": {
        },
        "MailItems": [
        ],
        "MailQuest": -1,
        "TimePast": 1728162084526L,
        "Time": 0L,
        "Subject": ""
    },
    "IgnoreDamage": 0b,
    "Rewards": {
        "NpcMiscInv": [
            {
                "Slot": 4b,
                "id": "minecraft:iron_sword",
                "Count": 1b,
                "tag": {
                    "Damage": 0
                }
            },
            {
                "Slot": 5b,
                "id": "minecraft:lantern",
                "Count": 1b
            },
            {
                "Slot": 6b,
                "id": "minecraft:bread",
                "Count": 8b
            },
            {
                "Slot": 7b,
                "id": "minecraft:shield",
                "Count": 1b,
                "tag": {
                    "Damage": 0
                }
            },
            {
                "Slot": 8b,
                "id": "minecraft:lantern",
                "Count": 1b
            }
        ]
    },
    "Items": {
        "NpcMiscInv": [
            {
                "Slot": 0b,
                "id": "minecraft:coal",
                "Count": 8b
            },
            {
                "Slot": 1b,
                "ForgeCaps": {
                    "customnpcs:itemscripteddata": {
                    }
                },
                "id": "minecraft:salmon",
                "Count": 9b
            }
        ]
    },
    "LeaveItems": 0b,
    "CompleteText": "muchas gracias puedes saltarte las clases el resto del dia"
}
