{
    "CompleterNpc": "José",
    "NextQuestId": -1,
    "RandomReward": 0b,
    "QuestRepeat": 1,
    "QuestCompletion": 0,
    "Title": "gallina",
    "Text": "",
    "QuestFactionPoints": {
        "DecreaseFaction1Points": 0b,
        "OptionFaction2Points": 100,
        "OptionFactions1": -1,
        "OptionFactions2": -1,
        "OptionFaction1Points": 100,
        "DecreaseFaction2Points": 0b
    },
    "RewardExp": 0,
    "QuestCommand": "",
    "QuestDialogs": [
        {
            "Value": 9,
            "Slot": "minecraft:chicken"
        }
    ],
    "ModRev": 18,
    "Type": 4,
    "QuestMail": {
        "Sender": "",
        "BeenRead": 0b,
        "Message": {
        },
        "MailItems": [
        ],
        "MailQuest": -1,
        "TimePast": 1726698558601L,
        "Time": 0L,
        "Subject": ""
    },
    "Rewards": {
        "NpcMiscInv": [
            {
                "Slot": 3b,
                "ForgeCaps": {
                    "customnpcs:itemscripteddata": {
                    }
                },
                "id": "minecraft:experience_bottle",
                "Count": 5b
            },
            {
                "Slot": 4b,
                "ForgeCaps": {
                    "customnpcs:itemscripteddata": {
                    }
                },
                "id": "minecraft:shears",
                "Count": 1b,
                "tag": {
                    "Damage": 0,
                    "CanDestroy": [
                        "minecraft:fern",
                        "minecraft:grass",
                        "minecraft:redstone_wire",
                        "minecraft:oak_leaves",
                        "minecraft:birch_leaves",
                        "minecraft:dark_oak_leaves"
                    ],
                    "display": {
                        "Name": "{\"text\":\"Gardening shears\"}"
                    }
                }
            },
            {
                "Slot": 5b,
                "ForgeCaps": {
                    "customnpcs:itemscripteddata": {
                    }
                },
                "id": "minecraft:totem_of_undying",
                "Count": 1b
            }
        ]
    },
    "CompleteText": "gracias por tu ayuda"
}
